frame,timestamp_s,body_id,tracking_state,confidence,joint_00_x,joint_00_y,joint_00_z,joint_01_x,joint_01_y,joint_01_z,joint_02_x,joint_02_y,joint_02_z,joint_03_x,joint_03_y,joint_03_z,joint_04_x,joint_04_y,joint_04_z,joint_05_x,joint_05_y,joint_05_z,joint_06_x,joint_06_y,joint_06_z,joint_07_x,joint_07_y,joint_07_z,joint_08_x,joint_08_y,joint_08_z,joint_09_x,joint_09_y,joint_09_z,joint_10_x,joint_10_y,joint_10_z,joint_11_x,joint_11_y,joint_11_z,joint_12_x,joint_12_y,joint_12_z,joint_13_x,joint_13_y,joint_13_z,joint_14_x,joint_14_y,joint_14_z,joint_15_x,joint_15_y,joint_15_z,joint_16_x,joint_16_y,joint_16_z,joint_17_x,joint_17_y,joint_17_z,joint_18_x,joint_18_y,joint_18_z,joint_19_x,joint_19_y,joint_19_z,joint_20_x,joint_20_y,joint_20_z,joint_21_x,joint_21_y,joint_21_z,joint_22_x,joint_22_y,joint_22_z,joint_23_x,joint_23_y,joint_23_z,joint_24_x,joint_24_y,joint_24_z,joint_25_x,joint_25_y,joint_25_z,joint_26_x,joint_26_y,joint_26_z,joint_27_x,joint_27_y,joint_27_z,joint_28_x,joint_28_y,joint_28_z,joint_29_x,joint_29_y,joint_29_z,joint_30_x,joint_30_y,joint_30_z,joint_31_x,joint_31_y,joint_31_z,joint_32_x,joint_32_y,joint_32_z,joint_33_x,joint_33_y,joint_33_z,joint_34_x,joint_34_y,joint_34_z,joint_35_x,joint_35_y,joint_35_z,joint_36_x,joint_36_y,joint_36_z,joint_37_x,joint_37_y,joint_37_z
1448,49.010700,0,OK,97.39,-0.707434,0.273078,2.081450,-0.699991,0.210947,2.064760,-0.684744,0.095842,2.033396,-0.666341,-0.018273,2.000163,-0.641067,-0.167106,1.956039,-0.587528,-0.224867,1.815201,-0.563085,-0.279592,1.815433,-0.607732,-0.278630,1.798066,-0.563759,-0.300973,1.904119,-0.667937,-0.298730,1.863596,-0.606974,-0.135309,2.033204,-0.722546,-0.140282,1.983777,-0.521692,-0.153169,2.079865,-0.813094,-0.166843,1.954370,-0.505369,0.049487,2.240988,-0.932472,0.051894,2.026477,-0.488735,0.299602,2.307785,-1.051851,0.270631,2.098583,-0.630876,0.330094,2.128237,-0.797315,0.327266,2.064536,-0.640827,0.754122,2.223359,-0.819253,0.753562,2.146618,-0.664226,1.138841,2.314966,-0.828399,1.129599,2.270957,-0.639872,1.209301,2.178668,-0.795742,1.205171,2.141842,-0.595919,1.206005,2.245222,-0.865226,1.202295,2.181033,-0.693757,1.190972,2.372387,-0.826534,1.178646,2.337874,-0.561819,0.393261,2.311850,-1.080711,0.311833,2.206283,-0.522395,0.393431,2.333811,-1.051817,0.334113,2.179726,-0.538929,0.444431,2.385552,-1.060330,0.402120,2.208952,-0.517526,0.361441,2.389133,-1.074863,0.369015,2.131163
1449,49.045669,0,OK,97.46,-0.709758,0.274110,2.082525,-0.702569,0.211947,2.065847,-0.687820,0.096869,2.034145,-0.669749,-0.017161,2.000437,-0.644839,-0.165890,1.955761,-0.592069,-0.217024,1.812099,-0.566909,-0.271375,1.809802,-0.611750,-0.270299,1.792948,-0.566346,-0.296426,1.897523,-0.670975,-0.293916,1.858197,-0.611151,-0.134627,2.033322,-0.726390,-0.138829,1.983053,-0.526277,-0.153027,2.080512,-0.816865,-0.164746,1.952855,-0.513055,0.044855,2.247739,-0.936358,0.055560,2.019810,-0.497671,0.290634,2.329302,-1.055852,0.275867,2.086764,-0.633030,0.330770,2.129466,-0.799354,0.328713,2.065436,-0.640455,0.755540,2.221460,-0.818476,0.755272,2.146855,-0.661829,1.140969,2.310536,-0.824991,1.132558,2.267524,-0.635817,1.211199,2.174426,-0.793058,1.205608,2.136786,-0.592538,1.207768,2.241415,-0.862228,1.203776,2.176592,-0.691694,1.193282,2.367619,-0.822346,1.182806,2.333515,-0.571289,0.383695,2.336362,-1.086345,0.318684,2.193379,-0.532429,0.382865,2.359292,-1.056885,0.340455,2.167023,-0.550504,0.431053,2.413170,-1.065547,0.408897,2.195169,-0.528793,0.348066,2.412988,-1.078912,0.374800,2.117599
1450,49.081810,0,OK,97.62,-0.719885,0.286915,2.091107,-0.713166,0.224649,2.074617,-0.699385,0.109264,2.043603,-0.682231,-0.005198,2.010898,-0.658592,-0.154555,1.967649,-0.603522,-0.203399,1.824054,-0.577662,-0.257406,1.821443,-0.622314,-0.256690,1.804075,-0.577809,-0.283445,1.908877,-0.681997,-0.281775,1.868351,-0.625091,-0.122988,2.045166,-0.740033,-0.126410,1.994164,-0.540729,-0.141694,2.093149,-0.830621,-0.151523,1.963627,-0.527681,0.052221,2.264973,-0.945567,0.072564,2.025829,-0.511245,0.293051,2.359986,-1.060513,0.296651,2.088032,-0.642814,0.343070,2.138092,-0.808983,0.342207,2.073636,-0.645526,0.769010,2.224779,-0.825661,0.768987,2.154429,-0.663445,1.155438,2.310215,-0.829965,1.147053,2.272732,-0.635231,1.224934,2.174167,-0.798387,1.217795,2.140646,-0.592780,1.221391,2.241677,-0.867357,1.216931,2.180830,-0.693540,1.208214,2.366747,-0.826757,1.198369,2.337872,-0.584421,0.386194,2.369963,-1.089684,0.342740,2.193648,-0.545957,0.384089,2.393472,-1.059952,0.363276,2.166613,-0.564650,0.429957,2.449135,-1.067204,0.432566,2.193033,-0.543429,0.346916,2.445620,-1.081579,0.396754,2.116422
1451,49.110810,0,OK,97.62,-0.725524,0.295428,2.097177,-0.719228,0.233077,2.080841,-0.706335,0.117429,2.050431,-0.690050,0.002586,2.018629,-0.667635,-0.147325,1.976663,-0.610814,-0.193632,1.832909,-0.584399,-0.247342,1.829787,-0.628900,-0.246822,1.812030,-0.585063,-0.274592,1.916849,-0.688899,-0.273378,1.875416,-0.634234,-0.115479,2.054110,-0.748936,-0.118190,2.002527,-0.550279,-0.134327,2.102748,-0.839621,-0.142622,1.971727,-0.537603,0.058816,2.275468,-0.950867,0.084547,2.029307,-0.521071,0.296490,2.378104,-1.062113,0.311716,2.086887,-0.648145,0.351118,2.144208,-0.814172,0.351337,2.079384,-0.646687,0.778558,2.223197,-0.829290,0.778153,2.160290,-0.660540,1.166762,2.301001,-0.832152,1.156572,2.277499,-0.630084,1.234172,2.164389,-0.801147,1.225347,2.144243,-0.588463,1.231144,2.232438,-0.869897,1.225211,2.184809,-0.690805,1.220561,2.356467,-0.828477,1.208808,2.341878,-0.594260,0.389540,2.388827,-1.090677,0.361042,2.191200,-0.556092,0.386968,2.412768,-1.060622,0.380403,2.163660,-0.575419,0.431868,2.469001,-1.066862,0.450475,2.188210,-0.554250,0.348874,2.464276,-1.081710,0.412845,2.112567
1452,49.145367,0,OK,97.58,-0.732752,0.304891,2.103021,-0.726938,0.242422,2.086961,-0.714961,0.126379,2.057702,-0.699660,0.010934,2.027637,-0.678648,-0.139848,1.988140,-0.619069,-0.186483,1.845615,-0.592315,-0.240062,1.843199,-0.636500,-0.239864,1.824664,-0.594358,-0.266928,1.930359,-0.697457,-0.266465,1.887109,-0.645441,-0.107189,2.065331,-0.759796,-0.109407,2.012962,-0.562067,-0.125998,2.114974,-0.850580,-0.133165,1.981927,-0.548852,0.068006,2.286685,-0.956058,0.098262,2.033043,-0.531132,0.303516,2.394008,-1.061535,0.329689,2.084159,-0.655050,0.360111,2.150074,-0.820861,0.361482,2.084713,-0.648704,0.788877,2.221251,-0.834518,0.788321,2.165760,-0.658164,1.178580,2.291881,-0.835974,1.166533,2.283657,-0.625830,1.244188,2.154823,-0.805808,1.233949,2.149517,-0.584881,1.241560,2.223295,-0.874267,1.234326,2.190571,-0.688475,1.233259,2.346454,-0.831756,1.219390,2.347494,-0.603720,0.397092,2.404231,-1.089468,0.384098,2.186087,-0.565878,0.394112,2.428638,-1.058881,0.401595,2.157893,-0.585562,0.438913,2.484827,-1.063702,0.472784,2.179355,-0.564986,0.355776,2.479992,-1.079039,0.432236,2.105334
1453,49.183369,0,OK,97.56,-0.735829,0.306880,2.105377,-0.730497,0.244301,2.089581,-0.719369,0.127899,2.061434,-0.705065,0.011895,2.033079,-0.685480,-0.139680,1.995953,-0.623127,-0.188092,1.855218,-0.596347,-0.241698,1.853997,-0.640159,-0.241729,1.834596,-0.600109,-0.267474,1.941428,-0.702338,-0.267546,1.896159,-0.652333,-0.106228,2.072830,-0.766425,-0.107998,2.019871,-0.569434,-0.124877,2.123322,-0.857373,-0.131017,1.988760,-0.555509,0.070585,2.293316,-0.957091,0.104038,2.034614,-0.536823,0.304930,2.402996,-1.056809,0.339093,2.080468,-0.657820,0.361615,2.152488,-0.823382,0.364154,2.086537,-0.647031,0.791414,2.216534,-0.836540,0.790949,2.167894,-0.652569,1.182306,2.280720,-0.837418,1.168665,2.287380,-0.618595,1.246372,2.143331,-0.808373,1.235124,2.152518,-0.578249,1.244100,2.212173,-0.876502,1.235753,2.194113,-0.682944,1.237719,2.334513,-0.832729,1.221987,2.350796,-0.609041,0.398922,2.411957,-1.084002,0.397817,2.180178,-0.571431,0.395923,2.436717,-1.052933,0.413608,2.151509,-0.591390,0.441192,2.492430,-1.056327,0.485629,2.170302,-0.571178,0.357927,2.488330,-1.072214,0.442700,2.097754
1454,49.211490,0,OK,97.64,-0.735200,0.302581,2.105896,-0.730347,0.239878,2.090436,-0.720062,0.123176,2.063226,-0.706881,0.006733,2.036154,-0.688938,-0.145453,2.000737,-0.623814,-0.196499,1.862206,-0.597323,-0.250262,1.862442,-0.640702,-0.250373,1.842091,-0.603137,-0.274583,1.950177,-0.704355,-0.274842,1.902691,-0.655573,-0.111533,2.077316,-0.769568,-0.112596,2.024128,-0.572957,-0.130220,2.128254,-0.860815,-0.134604,1.993160,-0.558226,0.066443,2.296788,-0.955397,0.103282,2.035130,-0.538811,0.300450,2.407065,-1.049980,0.341168,2.077100,-0.656886,0.356890,2.152994,-0.822199,0.360499,2.086468,-0.641928,0.787458,2.210729,-0.835711,0.787372,2.167354,-0.644067,1.179216,2.269618,-0.836735,1.164596,2.288379,-0.608307,1.242004,2.132092,-0.808909,1.230177,2.152832,-0.568664,1.239999,2.201349,-0.876711,1.230936,2.194955,-0.674610,1.235235,2.322681,-0.831679,1.218373,2.351382,-0.610968,0.394647,2.414168,-1.075974,0.403098,2.175178,-0.573461,0.392024,2.439127,-1.044644,0.417516,2.146071,-0.593598,0.438233,2.493999,-1.046676,0.490076,2.162885,-0.573456,0.354891,2.491365,-1.063434,0.445480,2.091549
1455,49.246000,0,OK,97.61,-0.733557,0.293426,2.104913,-0.729144,0.230604,2.089811,-0.719576,0.113699,2.063219,-0.707403,-0.003005,2.036807,-0.690927,-0.155546,2.002212,-0.623177,-0.209627,1.866113,-0.597086,-0.263555,1.867931,-0.640012,-0.263754,1.846642,-0.604980,-0.286182,1.955956,-0.705141,-0.286647,1.906281,-0.657286,-0.121548,2.078634,-0.771248,-0.121777,2.025367,-0.574826,-0.140521,2.129720,-0.862811,-0.142660,1.994552,-0.558806,0.055920,2.298396,-0.953473,0.096875,2.035788,-0.538494,0.289908,2.408552,-1.044136,0.336410,2.077023,-0.654995,0.347367,2.152020,-0.820018,0.351926,2.084838,-0.636493,0.778527,2.204026,-0.834016,0.779010,2.164521,-0.636033,1.170935,2.258446,-0.835320,1.155966,2.286374,-0.598299,1.232638,2.120956,-0.808496,1.220585,2.150165,-0.559502,1.230885,2.190697,-0.876037,1.221501,2.192703,-0.666922,1.227456,2.310773,-0.830003,1.210230,2.348936,-0.610965,0.383986,2.413799,-1.068765,0.398974,2.175051,-0.573399,0.382024,2.438730,-1.037305,0.412811,2.145804,-0.593587,0.429321,2.492649,-1.038086,0.485431,2.162462,-0.573159,0.346012,2.491748,-1.055824,0.440961,2.091284
1456,49.286021,0,OK,97.69,-0.732342,0.279223,2.101861,-0.728309,0.216281,2.087159,-0.719223,0.099304,2.060712,-0.707806,-0.017416,2.034034,-0.692446,-0.169962,1.998952,-0.621895,-0.228324,1.866082,-0.596052,-0.282252,1.870100,-0.638496,-0.282960,1.847874,-0.605982,-0.302195,1.958567,-0.705017,-0.303848,1.906708,-0.658504,-0.136443,2.075452,-0.772506,-0.135693,2.022275,-0.576083,-0.156108,2.126341,-0.864371,-0.155394,1.991582,-0.558602,0.036327,2.299432,-0.953686,0.084091,2.035936,-0.537721,0.269434,2.411336,-1.043000,0.323575,2.080291,-0.653588,0.332906,2.148942,-0.818316,0.338198,2.081094,-0.631931,0.764522,2.195670,-0.832363,0.765632,2.158864,-0.629479,1.157423,2.246350,-0.833497,1.142680,2.280434,-0.589608,1.218153,2.109031,-0.807823,1.206215,2.143496,-0.551772,1.216646,2.179304,-0.875038,1.207375,2.186541,-0.660831,1.214383,2.297920,-0.827790,1.197466,2.342504,-0.611356,0.362649,2.415711,-1.066193,0.383326,2.180402,-0.573574,0.361555,2.440367,-1.034838,0.397750,2.151326,-0.593948,0.409422,2.493709,-1.034754,0.469827,2.170213,-0.572454,0.326377,2.493930,-1.053523,0.427746,2.097857
1457,49.313024,0,OK,96.47,-0.730960,0.259078,2.101935,-0.727243,0.195983,2.087814,-0.718327,0.079110,2.060855,-0.707230,-0.037248,2.032514,-0.692356,-0.189260,1.994986,-0.619301,-0.251805,1.865415,-0.593557,-0.305571,1.871641,-0.635569,-0.306998,1.848643,-0.605181,-0.322688,1.960493,-0.703209,-0.326019,1.906831,-0.657945,-0.156998,2.071818,-0.772224,-0.155206,2.019263,-0.575260,-0.177714,2.121852,-0.864404,-0.173868,1.988864,-0.556799,0.003864,2.306205,-0.954199,0.064109,2.039866,-0.537685,0.235321,2.421789,-1.043994,0.302086,2.090868,-0.652033,0.312739,2.148750,-0.816540,0.318346,2.080394,-0.628238,0.744868,2.189285,-0.829992,0.746484,2.154301,-0.625008,1.138271,2.235866,-0.830300,1.124232,2.273683,-0.583954,1.198104,2.098502,-0.805732,1.186491,2.135958,-0.546717,1.197039,2.169102,-0.872599,1.188053,2.179531,-0.656779,1.195570,2.286800,-0.824097,1.179593,2.335193,-0.614515,0.325890,2.426774,-1.064286,0.355131,2.195294,-0.576208,0.326421,2.450625,-1.033558,0.371299,2.166466,-0.597162,0.374121,2.503892,-1.032501,0.441949,2.190114,-0.572698,0.291903,2.504514,-1.053346,0.404904,2.115604
1458,49.344532,0,OK,96.91,-0.728305,0.238169,2.103553,-0.724875,0.174936,2.089987,-0.715957,0.058357,2.061787,-0.704743,-0.057272,2.030643,-0.689681,-0.208242,1.989193,-0.614321,-0.275963,1.863606,-0.588796,-0.329467,1.872445,-0.630371,-0.331762,1.848735,-0.602117,-0.343028,1.961672,-0.699126,-0.348384,1.906349,-0.654723,-0.177792,2.066515,-0.769453,-0.175091,2.014991,-0.571542,-0.199825,2.115147,-0.861883,-0.193125,1.984976,-0.552862,-0.038079,2.317105,-0.955193,0.040870,2.046924,-0.536285,0.194688,2.430427,-1.048502,0.274864,2.108872,-0.649172,0.291858,2.149988,-0.813575,0.297656,2.081401,-0.624739,0.724483,2.184386,-0.826298,0.726780,2.149487,-0.622453,1.118279,2.227574,-0.825661,1.105880,2.264501,-0.581616,1.177707,2.089970,-0.801870,1.166693,2.125996,-0.544417,1.177143,2.160596,-0.868471,1.168766,2.169952,-0.654543,1.175642,2.278234,-0.819038,1.161866,2.325398,-0.617550,0.281421,2.432399,-1.065513,0.316960,2.218731,-0.579310,0.284702,2.456139,-1.035793,0.336148,2.190709,-0.602609,0.333132,2.507747,-1.034165,0.404053,2.221338,-0.574060,0.252313,2.511194,-1.057336,0.374596,2.144175
1459,49.381531,0,OK,96.54,-0.728298,0.213340,2.109442,-0.725081,0.149936,2.096642,-0.715776,0.033817,2.066718,-0.703754,-0.080605,2.031665,-0.687544,-0.229830,1.984696,-0.610378,-0.302673,1.863135,-0.585223,-0.355876,1.874487,-0.626406,-0.358956,1.850189,-0.600084,-0.365889,1.963939,-0.696179,-0.373074,1.907244,-0.652143,-0.201788,2.062725,-0.767396,-0.198474,2.012418,-0.568293,-0.225192,2.109532,-0.859939,-0.216373,1.982667,-0.551004,-0.093001,2.332072,-0.958127,0.011998,2.056853,-0.536820,0.152781,2.413850,-1.056316,0.240369,2.131038,-0.648999,0.267314,2.155256,-0.813356,0.272847,2.086534,-0.624744,0.700408,2.183299,-0.824569,0.703215,2.146549,-0.625223,1.094412,2.224598,-0.822428,1.083936,2.256057,-0.585626,1.154320,2.086839,-0.798118,1.143519,2.117108,-0.548115,1.154130,2.157302,-0.864789,1.146240,2.160922,-0.657703,1.151413,2.275418,-0.815671,1.140385,2.316511,-0.623415,0.233335,2.401904,-1.066388,0.266590,2.246543,-0.586177,0.242433,2.425722,-1.038674,0.289918,2.219629,-0.614003,0.295925,2.469496,-1.035466,0.352946,2.259240,-0.580529,0.218458,2.484892,-1.063436,0.334109,2.180363
1460,49.410532,0,OK,97.45,-0.726453,0.190185,2.116564,-0.723339,0.126645,2.104432,-0.713661,0.010983,2.072901,-0.701083,-0.102200,2.034208,-0.684101,-0.249617,1.982084,-0.606049,-0.325517,1.862984,-0.581234,-0.378549,1.875791,-0.622188,-0.382015,1.851161,-0.597020,-0.386464,1.965295,-0.692580,-0.394550,1.907823,-0.648334,-0.223963,2.060765,-0.763979,-0.219839,2.011425,-0.563990,-0.248742,2.105949,-0.856558,-0.237579,1.981692,-0.544474,-0.156411,2.347593,-0.960098,-0.015917,2.067968,-0.522475,0.101997,2.353855,-1.063638,0.205744,2.154243,-0.647135,0.244474,2.161973,-0.811345,0.249621,2.092870,-0.624877,0.678013,2.184162,-0.821733,0.681207,2.143562,-0.630944,1.071946,2.225700,-0.819161,1.063659,2.246852,-0.593021,1.133698,2.088286,-0.792187,1.122539,2.108095,-0.555250,1.133669,2.158609,-0.859579,1.125779,2.150755,-0.664322,1.127905,2.277093,-0.813145,1.120324,2.307181,-0.616609,0.168305,2.324314,-1.067304,0.216505,2.272571,-0.580843,0.186435,2.345020,-1.041568,0.243748,2.247428,-0.614596,0.245500,2.375418,-1.036980,0.301151,2.294711,-0.573668,0.177555,2.408087,-1.069246,0.292099,2.215744
1461,49.448721,0,OK,97.00,-0.724437,0.173755,2.128279,-0.721383,0.110100,2.116750,-0.711513,-0.005164,2.083848,-0.698692,-0.117200,2.042025,-0.681378,-0.262946,1.985495,-0.603120,-0.341503,1.868269,-0.578641,-0.394405,1.882215,-0.619488,-0.398136,1.857446,-0.594915,-0.400524,1.971772,-0.690226,-0.409230,1.913979,-0.645258,-0.239450,2.064688,-0.761209,-0.234403,2.016160,-0.560564,-0.265536,2.108460,-0.853802,-0.251936,1.986348,-0.532529,-0.215441,2.361447,-0.961173,-0.037287,2.084813,-0.498830,0.028565,2.280062,-1.068543,0.177361,2.183278,-0.645172,0.228349,2.173411,-0.809169,0.233091,2.103781,-0.626472,0.662320,2.189654,-0.820411,0.665713,2.144468,-0.640169,1.055961,2.232125,-0.819383,1.049716,2.241866,-0.604005,1.120275,2.095413,-0.787896,1.108763,2.104135,-0.566158,1.120382,2.165696,-0.856589,1.112108,2.144656,-0.674899,1.110441,2.284207,-0.815123,1.106260,2.302457,-0.605177,0.075478,2.255158,-1.072600,0.179619,2.302060,-0.570650,0.101469,2.268162,-1.047172,0.208915,2.278999,-0.609738,0.159054,2.294770,-1.043442,0.262861,2.330261,-0.554922,0.103429,2.330263,-1.075420,0.259037,2.250754
1462,49.477260,0,OK,96.45,-0.723026,0.168127,2.134726,-0.720000,0.104381,2.123703,-0.710014,-0.010585,2.089808,-0.697103,-0.121699,2.045621,-0.679761,-0.266123,1.985802,-0.600201,-0.346150,1.870462,-0.575818,-0.398834,1.885369,-0.616400,-0.402940,1.860225,-0.593026,-0.403776,1.974824,-0.687716,-0.413358,1.916156,-0.643292,-0.244299,2.065312,-0.759498,-0.238444,2.017488,-0.558347,-0.271447,2.107938,-0.852099,-0.255839,1.987621,-0.522817,-0.246183,2.363667,-0.962249,-0.049639,2.100078,-0.489096,-0.033012,2.219726,-1.072398,0.156561,2.212536,-0.643823,0.223005,2.179623,-0.807645,0.227343,2.109556,-0.629988,0.657307,2.191203,-0.819829,0.660550,2.143123,-0.652277,1.050370,2.235352,-0.820612,1.045179,2.238016,-0.617844,1.117856,2.099727,-0.784231,1.106441,2.102475,-0.580089,1.117944,2.170059,-0.854297,1.109255,2.140617,-0.688620,1.102993,2.288235,-0.818393,1.100700,2.299653,-0.600159,0.007332,2.206764,-1.084605,0.155826,2.330778,-0.565393,0.035725,2.211442,-1.057577,0.185588,2.310273,-0.602828,0.094629,2.237537,-1.057242,0.238201,2.363033,-0.540625,0.045145,2.269800,-1.083688,0.236530,2.281445
1463,49.512264,0,OK,95.92,-0.722795,0.170142,2.136983,-0.719775,0.106323,2.126388,-0.709709,-0.008454,2.091885,-0.696745,-0.118892,2.046046,-0.679412,-0.262337,1.983916,-0.598387,-0.341963,1.869320,-0.573851,-0.394507,1.884463,-0.614183,-0.398844,1.858959,-0.591830,-0.399517,1.973763,-0.685938,-0.409635,1.914254,-0.642685,-0.241703,2.063624,-0.759073,-0.235277,2.016319,-0.557577,-0.269610,2.105427,-0.851658,-0.252636,1.986382,-0.516780,-0.254632,2.361179,-0.959986,-0.053815,2.113004,-0.484342,-0.066110,2.185950,-1.068715,0.145274,2.238861,-0.643659,0.225279,2.181679,-0.807336,0.229228,2.111252,-0.634464,0.659788,2.189503,-0.822431,0.662681,2.140132,-0.664604,1.052144,2.235254,-0.826941,1.047109,2.235731,-0.631601,1.122853,2.100922,-0.786038,1.112467,2.103432,-0.594087,1.122772,2.171382,-0.857428,1.113915,2.139116,-0.702545,1.102842,2.288890,-0.827164,1.100795,2.299011,-0.594399,-0.022351,2.175780,-1.094858,0.150265,2.354716,-0.558302,0.004711,2.174583,-1.064450,0.178141,2.336412,-0.591392,0.068008,2.195807,-1.068309,0.233029,2.386656,-0.528965,0.019798,2.229535,-1.084952,0.228595,2.302619
1464,49.545769,0,OK,96.41,-0.715341,0.184731,2.147471,-0.712118,0.120877,2.137149,-0.702183,0.005922,2.103203,-0.690001,-0.104776,2.057781,-0.673921,-0.248607,1.996208,-0.595788,-0.329509,1.880503,-0.571983,-0.382492,1.895280,-0.612710,-0.386092,1.870295,-0.588894,-0.387288,1.984800,-0.683925,-0.395689,1.926502,-0.636794,-0.227908,2.075714,-0.753279,-0.220823,2.028742,-0.551789,-0.256441,2.117303,-0.845999,-0.237876,1.999048,-0.511094,-0.243172,2.373166,-0.951490,-0.044216,2.135670,-0.471912,-0.063661,2.190029,-1.057365,0.149773,2.271526,-0.636493,0.240266,2.192183,-0.799960,0.243482,2.121233,-0.631355,0.674898,2.195641,-0.821531,0.677047,2.143587,-0.669424,1.066389,2.242863,-0.833385,1.060318,2.243120,-0.637397,1.140244,2.109995,-0.788670,1.131660,2.115219,-0.600419,1.140004,2.180737,-0.861300,1.130754,2.148324,-0.709151,1.115108,2.297037,-0.836589,1.111292,2.308527,-0.578945,-0.013493,2.177461,-1.096847,0.166727,2.382362,-0.541188,0.011105,2.175004,-1.063044,0.191468,2.365569,-0.570128,0.077369,2.192991,-1.069971,0.250953,2.409904,-0.510889,0.026988,2.229204,-1.076679,0.239326,2.325177
1465,49.579767,0,OK,96.95,-0.708713,0.199887,2.153148,-0.705202,0.135984,2.143238,-0.695416,0.020602,2.110725,-0.684308,-0.090960,2.067181,-0.669747,-0.235939,2.007966,-0.595919,-0.318618,1.890702,-0.572918,-0.372075,1.905039,-0.614255,-0.374842,1.880965,-0.587945,-0.376403,1.994918,-0.684397,-0.382860,1.938746,-0.632064,-0.214226,2.086938,-0.748709,-0.206931,2.040397,-0.547131,-0.242908,2.128572,-0.841644,-0.223900,2.011331,-0.509081,-0.222125,2.384342,-0.943327,-0.031629,2.152719,-0.450975,-0.024230,2.226990,-1.045560,0.161189,2.292963,-0.630218,0.256023,2.197731,-0.793494,0.258127,2.126301,-0.628151,0.690693,2.196948,-0.821459,0.691658,2.140847,-0.674478,1.080921,2.247148,-0.841217,1.072770,2.247184,-0.643434,1.158308,2.116070,-0.793581,1.151061,2.124510,-0.607050,1.157668,2.187117,-0.867204,1.147475,2.155148,-0.715999,1.127411,2.301932,-0.847296,1.120347,2.314905,-0.552792,0.034856,2.210464,-1.092529,0.190285,2.398216,-0.513388,0.056637,2.213569,-1.056531,0.212059,2.381882,-0.539279,0.122998,2.235429,-1.064237,0.275804,2.419688,-0.487100,0.065183,2.271395,-1.065025,0.256186,2.336181
1466,49.611783,0,OK,97.24,-0.703069,0.212646,2.155902,-0.699234,0.148687,2.146478,-0.689657,0.032749,2.115944,-0.679537,-0.079970,2.075227,-0.666239,-0.226561,2.019808,-0.598465,-0.311133,1.900260,-0.576079,-0.365017,1.913959,-0.618313,-0.366991,1.891412,-0.587914,-0.368750,2.004340,-0.686459,-0.373355,1.951732,-0.627699,-0.202921,2.097807,-0.744747,-0.196292,2.052187,-0.542531,-0.230951,2.139405,-0.837980,-0.213746,2.024392,-0.508809,-0.195494,2.394167,-0.935895,-0.019310,2.165479,-0.437120,0.018450,2.266157,-1.034264,0.175588,2.305610,-0.624911,0.269493,2.200174,-0.788089,0.270272,2.128496,-0.624899,0.704150,2.196158,-0.822277,0.703556,2.134742,-0.679572,1.092623,2.251325,-0.850590,1.081435,2.250283,-0.649784,1.173953,2.122359,-0.801006,1.166956,2.133343,-0.613880,1.172608,2.193641,-0.875367,1.160528,2.161643,-0.722733,1.136630,2.306887,-0.859378,1.125209,2.320235,-0.533381,0.084923,2.245034,-1.083554,0.213768,2.406822,-0.493403,0.103878,2.253935,-1.046595,0.233436,2.389970,-0.517836,0.169664,2.278980,-1.053884,0.300075,2.422500,-0.472818,0.105917,2.314599,-1.052722,0.274050,2.340767
1467,49.645292,0,OK,96.89,-0.697991,0.222001,2.157431,-0.693795,0.157996,2.148485,-0.684366,0.041461,2.120265,-0.675061,-0.072560,2.083139,-0.663004,-0.221009,2.032593,-0.602194,-0.307331,1.910578,-0.580662,-0.361763,1.923457,-0.623792,-0.362668,1.902601,-0.589001,-0.365156,2.014241,-0.689636,-0.367268,1.965579,-0.623782,-0.194995,2.109489,-0.741106,-0.189195,2.064470,-0.538499,-0.222053,2.151495,-0.834593,-0.207141,2.037864,-0.510465,-0.163891,2.402751,-0.929208,-0.007886,2.174408,-0.435390,0.057645,2.290573,-1.024191,0.191730,2.310165,-0.620214,0.279598,2.201403,-0.783280,0.278960,2.129469,-0.621069,0.714225,2.194976,-0.823311,0.711781,2.127007,-0.683338,1.100690,2.255893,-0.860969,1.085325,2.253458,-0.654955,1.185824,2.129084,-0.810111,1.178049,2.142718,-0.619378,1.183649,2.200508,-0.885031,1.168706,2.168632,-0.727852,1.142259,2.312259,-0.872414,1.125016,2.325433,-0.526767,0.128525,2.263052,-1.074258,0.238315,2.407398,-0.486957,0.145596,2.275723,-1.036784,0.256101,2.389619,-0.510762,0.211826,2.300198,-1.043504,0.325153,2.416798,-0.471521,0.145527,2.337929,-1.041635,0.292866,2.337343
1468,49.679313,0,OK,97.19,-0.695908,0.225812,2.157836,-0.691378,0.161775,2.149297,-0.681972,0.044775,2.123059,-0.673210,-0.070264,2.089075,-0.662011,-0.220171,2.042816,-0.605482,-0.305933,1.918371,-0.584282,-0.360747,1.930126,-0.627953,-0.360923,1.910410,-0.590270,-0.364986,2.021060,-0.692169,-0.365398,1.975056,-0.622305,-0.192097,2.118733,-0.739824,-0.187112,2.074127,-0.536906,-0.217941,2.161263,-0.833505,-0.205449,2.048488,-0.512058,-0.127775,2.403238,-0.923560,0.000217,2.178450,-0.441666,0.094290,2.289087,-1.014349,0.206563,2.306814,-0.618476,0.284075,2.201540,-0.781448,0.282164,2.129418,-0.620315,0.718657,2.192755,-0.825759,0.714483,2.120567,-0.688711,1.103407,2.257817,-0.871275,1.082868,2.259002,-0.662164,1.191278,2.132487,-0.820142,1.182157,2.154242,-0.626511,1.188611,2.203855,-0.895325,1.170207,2.178254,-0.734044,1.143070,2.314898,-0.884668,1.118498,2.332743,-0.529338,0.166361,2.253723,-1.064708,0.262524,2.398811,-0.489761,0.182879,2.267780,-1.026714,0.278008,2.380011,-0.512849,0.250743,2.288116,-1.032512,0.349325,2.400806,-0.477619,0.185117,2.330673,-1.030290,0.310010,2.324593
1469,49.721828,0,OK,97.52,-0.692401,0.233757,2.152577,-0.687458,0.169693,2.144477,-0.678252,0.052126,2.120833,-0.670351,-0.064161,2.091158,-0.660444,-0.215882,2.050911,-0.607622,-0.303612,1.926210,-0.587286,-0.358739,1.938029,-0.631270,-0.358215,1.919029,-0.591859,-0.362208,2.029078,-0.694489,-0.360984,1.984744,-0.620642,-0.185182,2.125755,-0.738014,-0.180893,2.080691,-0.535570,-0.209701,2.169704,-0.831828,-0.199304,2.055597,-0.509743,-0.087907,2.397295,-0.916745,0.014908,2.174765,-0.445389,0.137446,2.286061,-1.002944,0.230198,2.291034,-0.615461,0.292775,2.196137,-0.778188,0.289402,2.123517,-0.618182,0.727343,2.186933,-0.826980,0.721093,2.109233,-0.692874,1.109953,2.257458,-0.881001,1.082883,2.261329,-0.667618,1.200490,2.133770,-0.830442,1.188664,2.162833,-0.632101,1.197211,2.205181,-0.905692,1.173986,2.185058,-0.739065,1.147773,2.315101,-0.896110,1.114203,2.336677,-0.528280,0.212723,2.246140,-1.053223,0.295711,2.376541,-0.488640,0.227717,2.261654,-1.014735,0.308611,2.356818,-0.509572,0.296793,2.280161,-1.019387,0.381701,2.370546,-0.479046,0.230315,2.324972,-1.017087,0.335152,2.298525
1470,49.746654,0,OK,97.44,-0.689938,0.243783,2.142052,-0.684471,0.179725,2.134248,-0.675375,0.061629,2.113358,-0.668278,-0.055850,2.088577,-0.659595,-0.209312,2.055239,-0.609982,-0.300570,1.931758,-0.590688,-0.355876,1.944455,-0.634853,-0.354786,1.925905,-0.594352,-0.357464,2.035597,-0.697405,-0.354922,1.992314,-0.619794,-0.175627,2.128789,-0.736956,-0.172329,2.083095,-0.535089,-0.198401,2.174354,-0.830882,-0.190877,2.058526,-0.505363,-0.044151,2.380805,-0.910852,0.032213,2.164045,-0.447159,0.181774,2.267363,-0.992836,0.256748,2.264848,-0.613628,0.303578,2.185658,-0.776034,0.298640,2.112414,-0.617812,0.738181,2.179016,-0.828039,0.729833,2.094807,-0.698518,1.118332,2.255923,-0.889326,1.084874,2.259527,-0.673505,1.211362,2.134049,-0.839966,1.196049,2.166517,-0.638496,1.207283,2.205670,-0.915101,1.178993,2.187390,-0.745641,1.154524,2.313856,-0.905585,1.112350,2.336126,-0.524895,0.260249,2.223428,-1.042524,0.331334,2.342947,-0.484874,0.273522,2.239519,-1.003677,0.341539,2.322366,-0.502457,0.344105,2.255675,-1.007118,0.415704,2.328684,-0.476633,0.277353,2.302966,-1.005155,0.362152,2.261695
1471,49.782157,0,OK,97.51,-0.689719,0.253064,2.130354,-0.683680,0.189026,2.122813,-0.674551,0.070459,2.104801,-0.668071,-0.048029,2.085195,-0.660109,-0.202973,2.059379,-0.613317,-0.299138,1.938549,-0.595001,-0.354376,1.952887,-0.639290,-0.353012,1.934651,-0.597938,-0.352945,2.044058,-0.701278,-0.349763,2.001507,-0.620374,-0.165965,2.131351,-0.737361,-0.164275,2.085125,-0.535909,-0.186353,2.178466,-0.831367,-0.183271,2.061210,-0.500161,-0.001519,2.356953,-0.906581,0.048453,2.150346,-0.446216,0.222087,2.236999,-0.984724,0.281828,2.232377,-0.614083,0.313667,2.174020,-0.776163,0.307077,2.100183,-0.619815,0.748300,2.172401,-0.829896,0.737988,2.080961,-0.705774,1.125777,2.256453,-0.896253,1.087862,2.254534,-0.680083,1.221074,2.136487,-0.848146,1.202598,2.165265,-0.645861,1.216021,2.208425,-0.923104,1.183847,2.185305,-0.753827,1.160617,2.314451,-0.913151,1.112676,2.331899,-0.518481,0.303279,2.188865,-1.033644,0.364984,2.301827,-0.477905,0.314740,2.204959,-0.994500,0.372347,2.280606,-0.491301,0.386867,2.218010,-0.996730,0.446811,2.279090,-0.470163,0.320666,2.268307,-0.995244,0.386504,2.218099
1472,49.811157,0,OK,97.64,-0.689635,0.256951,2.124295,-0.683081,0.192940,2.116960,-0.673782,0.074058,2.101261,-0.667629,-0.045066,2.085846,-0.660056,-0.200917,2.066088,-0.614398,-0.301043,1.948075,-0.596650,-0.356030,1.964001,-0.640940,-0.354731,1.945764,-0.599479,-0.351917,2.055094,-0.702823,-0.348887,2.012540,-0.620482,-0.161266,2.136728,-0.737285,-0.161019,2.090008,-0.536233,-0.179218,2.185201,-0.831333,-0.180345,2.066529,-0.497423,0.027953,2.336439,-0.903235,0.058593,2.137506,-0.447801,0.253659,2.218569,-0.979141,0.299109,2.198246,-0.614607,0.318259,2.168025,-0.776393,0.310211,2.093693,-0.621657,0.752863,2.171327,-0.830431,0.740984,2.072342,-0.711173,1.128292,2.260671,-0.899435,1.089063,2.248473,-0.684229,1.224793,2.141948,-0.851909,1.204996,2.160449,-0.650840,1.219084,2.214227,-0.926783,1.185531,2.180116,-0.759950,1.162497,2.318441,-0.916696,1.113001,2.326033,-0.515522,0.337995,2.169245,-1.027954,0.389401,2.258213,-0.474717,0.347613,2.185956,-0.988418,0.394134,2.236968,-0.484996,0.420299,2.198732,-0.989654,0.468088,2.227936,-0.467692,0.353282,2.249412,-0.988088,0.401928,2.173350
1473,49.846332,0,OK,97.76,-0.690375,0.260290,2.115899,-0.683300,0.196325,2.108639,-0.673656,0.077188,2.095254,-0.667379,-0.042422,2.084306,-0.659975,-0.198961,2.070956,-0.615482,-0.303810,1.956658,-0.598242,-0.358343,1.974579,-0.642547,-0.357286,1.956363,-0.600884,-0.350847,2.065462,-0.704262,-0.348380,2.022957,-0.620504,-0.156504,2.140005,-0.737202,-0.158019,2.093049,-0.536309,-0.171594,2.189537,-0.831334,-0.177705,2.070214,-0.495547,0.053657,2.311601,-0.899313,0.067467,2.120898,-0.450987,0.282485,2.197798,-0.972041,0.313568,2.158898,-0.615945,0.322222,2.159770,-0.777466,0.312842,2.085021,-0.625043,0.756686,2.169745,-0.829652,0.743802,2.062877,-0.717278,1.130163,2.264348,-0.899589,1.091711,2.238976,-0.688715,1.227438,2.146639,-0.851147,1.207689,2.151512,-0.656171,1.221117,2.219252,-0.926213,1.188313,2.170524,-0.766618,1.164089,2.321803,-0.917463,1.115571,2.316421,-0.514955,0.369900,2.148824,-1.020155,0.410099,2.208880,-0.473935,0.377740,2.165936,-0.980310,0.412121,2.187783,-0.481453,0.450647,2.179368,-0.980310,0.484805,2.171373,-0.467192,0.382507,2.229496,-0.979127,0.413486,2.123713
1474,49.879298,0,OK,97.37,-0.690698,0.261256,2.106505,-0.683121,0.197355,2.099196,-0.673084,0.078052,2.087709,-0.666590,-0.041837,2.080610,-0.658949,-0.198734,2.072706,-0.615199,-0.307358,1.961694,-0.598293,-0.361418,1.981290,-0.642603,-0.360644,1.963070,-0.600826,-0.351090,2.071898,-0.704215,-0.349285,2.029384,-0.619687,-0.153856,2.140328,-0.736279,-0.157160,2.093200,-0.535479,-0.166104,2.190618,-0.830458,-0.177213,2.070882,-0.494104,0.071410,2.286401,-0.894323,0.072470,2.100531,-0.454493,0.303166,2.176769,-0.963245,0.322079,2.116156,-0.616849,0.323704,2.150626,-0.778109,0.313180,2.075467,-0.628387,0.757872,2.168108,-0.826981,0.744520,2.053156,-0.721661,1.130102,2.266530,-0.896800,1.094010,2.226140,-0.690923,1.227284,2.149293,-0.845984,1.208839,2.138509,-0.659252,1.220574,2.222256,-0.921504,1.190274,2.156502,-0.771341,1.164382,2.323479,-0.915664,1.118661,2.303102,-0.515667,0.393150,2.128892,-1.010263,0.423514,2.156551,-0.474410,0.399476,2.146058,-0.970158,0.422972,2.135860,-0.479592,0.472420,2.160359,-0.968741,0.493851,2.112915,-0.467484,0.403271,2.209664,-0.968242,0.418479,2.071952
1475,49.911301,0,OK,97.76,-0.690789,0.260666,2.101952,-0.682782,0.196825,2.094566,-0.672330,0.077437,2.084417,-0.665524,-0.042568,2.080112,-0.657505,-0.199595,2.076150,-0.615101,-0.311668,1.968084,-0.598600,-0.365305,1.989132,-0.642965,-0.364650,1.971044,-0.600721,-0.352422,2.079422,-0.704241,-0.350893,2.037217,-0.618499,-0.152948,2.142715,-0.734976,-0.157703,2.095428,-0.534264,-0.162805,2.193483,-0.829184,-0.177987,2.073443,-0.493080,0.082281,2.267889,-0.892037,0.073520,2.083080,-0.457595,0.315325,2.159581,-0.959805,0.323891,2.078483,-0.617436,0.323528,2.146310,-0.778474,0.312064,2.070813,-0.631051,0.757352,2.169797,-0.822652,0.743859,2.047541,-0.723571,1.129500,2.269234,-0.890304,1.097064,2.213708,-0.690185,1.225431,2.151693,-0.836189,1.209279,2.124677,-0.659400,1.218770,2.225039,-0.912290,1.192252,2.141719,-0.773366,1.164873,2.325411,-0.910095,1.123573,2.289814,-0.517136,0.406562,2.112016,-1.006792,0.428237,2.110669,-0.475628,0.412008,2.128876,-0.966398,0.425987,2.090665,-0.479115,0.485066,2.143110,-0.964232,0.494992,2.062629,-0.468163,0.415732,2.192426,-0.963595,0.416825,2.027290
1476,49.946487,0,OK,97.58,-0.690657,0.258343,2.100165,-0.682282,0.194560,2.092691,-0.671426,0.075136,2.083416,-0.664294,-0.044902,2.081010,-0.655903,-0.201954,2.079712,-0.615325,-0.317136,1.974245,-0.599347,-0.370430,1.996530,-0.643789,-0.369699,1.978633,-0.600884,-0.355311,2.086485,-0.704581,-0.353604,2.044724,-0.617148,-0.154101,2.145564,-0.733512,-0.159926,2.098119,-0.532898,-0.162010,2.196647,-0.827750,-0.180244,2.076294,-0.492388,0.087785,2.253748,-0.889682,0.071493,2.066685,-0.460722,0.320564,2.143700,-0.955614,0.321456,2.044989,-0.617728,0.321543,2.144742,-0.778577,0.309301,2.068964,-0.633635,0.754996,2.173119,-0.818136,0.741483,2.044598,-0.724521,1.127829,2.271490,-0.882870,1.099232,2.201972,-0.688251,1.221714,2.153153,-0.825284,1.208002,2.110867,-0.658376,1.215451,2.226909,-0.901951,1.192760,2.127038,-0.774312,1.164730,2.326677,-0.903479,1.128167,2.276969,-0.519836,0.411820,2.095642,-1.002182,0.427603,2.071373,-0.478060,0.417022,2.111907,-0.961540,0.424074,2.052069,-0.480551,0.490301,2.125188,-0.958430,0.491603,2.020725,-0.469752,0.421517,2.175303,-0.957950,0.411796,1.989264
1477,49.986835,0,OK,97.73,-0.694555,0.248346,2.093608,-0.685844,0.184654,2.085757,-0.674345,0.065319,2.076121,-0.666301,-0.054662,2.073703,-0.656468,-0.211631,2.072430,-0.615171,-0.326488,1.966888,-0.598682,-0.379638,1.989147,-0.643173,-0.379291,1.971360,-0.600124,-0.364510,2.079102,-0.703936,-0.363700,2.037599,-0.618370,-0.163428,2.138411,-0.734519,-0.170316,2.090582,-0.534118,-0.169838,2.189699,-0.828625,-0.190931,2.068465,-0.494096,0.082271,2.235943,-0.884682,0.060815,2.040519,-0.466483,0.311990,2.118612,-0.943804,0.310633,2.003167,-0.621986,0.311653,2.138619,-0.782715,0.299036,2.062649,-0.639818,0.744613,2.172787,-0.817597,0.731603,2.037991,-0.725854,1.119328,2.268326,-0.878068,1.095046,2.183572,-0.686774,1.210153,2.148505,-0.816825,1.199189,2.089495,-0.657421,1.204528,2.222522,-0.894035,1.186099,2.104954,-0.775025,1.158400,2.322567,-0.899246,1.127146,2.257109,-0.526426,0.401700,2.068704,-0.987604,0.418837,2.025643,-0.484321,0.407358,2.083937,-0.946912,0.413552,2.006854,-0.486436,0.481048,2.094782,-0.941640,0.479908,1.973364,-0.474723,0.413971,2.146964,-0.943125,0.399130,1.944517
1478,50.013836,0,OK,97.92,-0.696834,0.242154,2.090343,-0.687852,0.178545,2.082130,-0.675798,0.059310,2.071954,-0.666959,-0.060606,2.069137,-0.655885,-0.217487,2.067326,-0.614665,-0.332020,1.961401,-0.597918,-0.385158,1.983493,-0.642483,-0.384918,1.965890,-0.599036,-0.370201,2.073481,-0.703020,-0.369640,2.032409,-0.618344,-0.169225,2.133581,-0.734308,-0.176855,2.085415,-0.534094,-0.174626,2.184989,-0.828250,-0.197894,2.063004,-0.492825,0.078811,2.221947,-0.879327,0.051937,2.015305,-0.471720,0.289305,2.071793,-0.932675,0.299850,1.960600,-0.624550,0.305505,2.135749,-0.785193,0.292650,2.059639,-0.643863,0.738120,2.173313,-0.815491,0.725534,2.034482,-0.723964,1.115464,2.263514,-0.870544,1.094511,2.167774,-0.682518,1.202414,2.141632,-0.806352,1.193685,2.070353,-0.653411,1.197851,2.215818,-0.883948,1.182747,2.085548,-0.772240,1.157010,2.316710,-0.891728,1.129854,2.239806,-0.535637,0.369740,2.011986,-0.973923,0.409425,1.981186,-0.493061,0.378225,2.024322,-0.933245,0.402858,1.962773,-0.496312,0.452669,2.024311,-0.926088,0.468564,1.928366,-0.480966,0.394219,2.085200,-0.929384,0.387434,1.900681
1479,50.055346,0,OK,97.60,-0.697654,0.238757,2.089821,-0.688454,0.175224,2.081265,-0.675919,0.056095,2.070445,-0.666387,-0.063751,2.066979,-0.654242,-0.220540,2.064273,-0.614112,-0.334876,1.957719,-0.597369,-0.388130,1.979534,-0.642056,-0.387705,1.962248,-0.597807,-0.373439,2.069571,-0.702076,-0.372447,2.029237,-0.617171,-0.172414,2.130892,-0.732978,-0.180548,2.082430,-0.532942,-0.177299,2.182385,-0.826706,-0.202281,2.059784,-0.487906,0.076652,2.210315,-0.866363,0.041564,1.980625,-0.473987,0.250804,2.018541,-0.907644,0.283510,1.896615,-0.625595,0.302106,2.135583,-0.786179,0.289117,2.059373,-0.645785,0.734456,2.175648,-0.813827,0.722181,2.034280,-0.719768,1.114318,2.260341,-0.864596,1.095176,2.157723,-0.676379,1.197418,2.136466,-0.798908,1.190294,2.057300,-0.647348,1.193911,2.210739,-0.876669,1.180903,2.072685,-0.767039,1.158201,2.312553,-0.885408,1.133097,2.228543,-0.544457,0.314717,1.947260,-0.943192,0.395284,1.915978,-0.501627,0.326830,1.954730,-0.902780,0.386419,1.897946,-0.507915,0.399415,1.939101,-0.891897,0.451360,1.863064,-0.486733,0.355852,2.009904,-0.899270,0.370283,1.836014
1480,50.081344,0,OK,97.92,-0.702461,0.226762,2.102752,-0.693171,0.163270,2.093994,-0.680661,0.044165,2.082882,-0.671150,-0.075648,2.078366,-0.659031,-0.232401,2.073996,-0.617345,-0.343214,1.964363,-0.600181,-0.396916,1.984703,-0.644796,-0.396416,1.967234,-0.601144,-0.384844,2.075126,-0.705245,-0.383678,2.034365,-0.622600,-0.185051,2.141519,-0.737928,-0.192583,2.091833,-0.538795,-0.190437,2.193650,-0.831522,-0.213407,2.067820,-0.487851,0.063123,2.213950,-0.855141,0.016793,1.950558,-0.477023,0.211321,2.001300,-0.879907,0.245317,1.830295,-0.630526,0.290054,2.148789,-0.791022,0.277109,2.072388,-0.651640,0.722273,2.189777,-0.817071,0.710247,2.046862,-0.718891,1.105048,2.266593,-0.864014,1.087414,2.158585,-0.673342,1.183941,2.140758,-0.797291,1.178277,2.054956,-0.644572,1.181688,2.215182,-0.875149,1.170281,2.070633,-0.765280,1.151313,2.317526,-0.884399,1.127985,2.228047,-0.552442,0.265205,1.926865,-0.904345,0.356901,1.863216,-0.509529,0.278714,1.930467,-0.865199,0.346458,1.843331,-0.518098,0.348793,1.906634,-0.848594,0.413719,1.815896,-0.492324,0.314377,1.980869,-0.864036,0.337401,1.779889
1481,50.112348,0,OK,97.59,-0.705010,0.221758,2.110456,-0.695662,0.158300,2.101511,-0.683173,0.039229,2.090024,-0.673660,-0.080537,2.084408,-0.661534,-0.237234,2.078330,-0.618928,-0.342779,1.963956,-0.601084,-0.397097,1.981940,-0.645757,-0.396370,1.964628,-0.601899,-0.388904,2.072798,-0.706135,-0.387208,2.032402,-0.625641,-0.190675,2.146685,-0.740566,-0.197602,2.095989,-0.542158,-0.196716,2.199261,-0.834042,-0.217369,2.070660,-0.484308,0.056019,2.208113,-0.840616,-0.012836,1.911214,-0.474989,0.181184,1.981074,-0.847912,0.190450,1.750213,-0.633158,0.284967,2.156734,-0.793592,0.272125,2.080186,-0.655047,0.717175,2.197433,-0.818772,0.705300,2.054423,-0.716711,1.102307,2.266797,-0.862747,1.085353,2.157213,-0.669505,1.177668,2.139418,-0.795719,1.173106,2.051130,-0.640963,1.176535,2.213954,-0.873581,1.166058,2.067237,-0.762426,1.150448,2.316586,-0.882626,1.127802,2.225693,-0.553261,0.227800,1.904703,-0.855064,0.296069,1.804302,-0.510216,0.241356,1.905217,-0.818598,0.284516,1.780350,-0.519623,0.308755,1.874863,-0.793786,0.352971,1.764518,-0.490931,0.281773,1.951074,-0.821240,0.287486,1.716377
1482,50.147074,0,OK,97.34,-0.712317,0.221601,2.118080,-0.703003,0.158168,2.108929,-0.690892,0.039101,2.096993,-0.681929,-0.080649,2.090256,-0.670612,-0.237333,2.082516,-0.624556,-0.336471,1.963827,-0.605678,-0.391165,1.979460,-0.650186,-0.390608,1.961724,-0.607553,-0.387240,2.070586,-0.711406,-0.385941,2.029202,-0.635315,-0.191772,2.151848,-0.749634,-0.197450,2.099646,-0.552392,-0.199025,2.205151,-0.842996,-0.215128,2.072424,-0.486148,0.051777,2.201957,-0.832835,-0.038413,1.882770,-0.475707,0.162046,1.967368,-0.823014,0.137681,1.692521,-0.640481,0.284598,2.164672,-0.800822,0.272136,2.087868,-0.662629,0.716797,2.205320,-0.825823,0.705381,2.063122,-0.719705,1.103612,2.269010,-0.867807,1.087216,2.159968,-0.670980,1.176545,2.140792,-0.800894,1.172901,2.052135,-0.642786,1.176115,2.215468,-0.878710,1.166469,2.068718,-0.765026,1.153034,2.317898,-0.887176,1.130880,2.227826,-0.553809,0.206403,1.889491,-0.817289,0.242274,1.748732,-0.510387,0.218676,1.888588,-0.782783,0.227215,1.723842,-0.518322,0.284422,1.854427,-0.750717,0.292778,1.708817,-0.489208,0.261127,1.931688,-0.786206,0.231808,1.660003
1483,50.185076,0,OK,96.99,-0.718328,0.224888,2.121194,-0.709084,0.161479,2.111806,-0.697405,0.042414,2.099430,-0.689223,-0.077335,2.091739,-0.679125,-0.234028,2.082619,-0.628695,-0.325635,1.959731,-0.608207,-0.380406,1.972868,-0.652531,-0.380392,1.954668,-0.611115,-0.381067,2.064049,-0.714539,-0.381036,2.021582,-0.644175,-0.189423,2.152744,-0.757988,-0.193648,2.099314,-0.561693,-0.198084,2.206521,-0.851263,-0.208535,2.070187,-0.485837,0.049444,2.189914,-0.828483,-0.052200,1.864418,-0.474740,0.151063,1.951480,-0.805708,0.104127,1.658644,-0.646452,0.287618,2.168083,-0.806747,0.275646,2.091105,-0.668458,0.719847,2.208488,-0.831477,0.709020,2.068428,-0.721690,1.107918,2.267709,-0.871477,1.091975,2.161621,-0.672082,1.179204,2.138905,-0.805058,1.176287,2.052411,-0.644040,1.179241,2.213639,-0.882770,1.170316,2.069635,-0.766677,1.158192,2.316032,-0.890182,1.136413,2.229163,-0.551591,0.196538,1.873005,-0.791425,0.211079,1.708540,-0.507673,0.206804,1.871329,-0.758317,0.191841,1.684649,-0.513012,0.271784,1.835251,-0.721134,0.253605,1.665803,-0.484159,0.249534,1.912917,-0.761558,0.192892,1.620644
1484,50.212079,0,OK,97.21,-0.720636,0.226726,2.122225,-0.711473,0.163337,2.112626,-0.700168,0.044284,2.099792,-0.692640,-0.075445,2.091173,-0.683564,-0.232117,2.080719,-0.630100,-0.313430,1.952009,-0.607579,-0.368161,1.961473,-0.651918,-0.368572,1.943315,-0.610236,-0.374989,2.052408,-0.713695,-0.375948,2.010039,-0.648883,-0.188393,2.151529,-0.762277,-0.191332,2.097130,-0.566711,-0.198244,2.205575,-0.855434,-0.203408,2.066370,-0.482897,0.045433,2.175631,-0.826531,-0.059741,1.852304,-0.471179,0.144078,1.935981,-0.797309,0.084384,1.638588,-0.648703,0.289198,2.169371,-0.808969,0.277707,2.092260,-0.670643,0.721500,2.209008,-0.833661,0.711179,2.071512,-0.721053,1.110520,2.264343,-0.871962,1.094897,2.162252,-0.670679,1.180721,2.135241,-0.806620,1.178305,2.051707,-0.642876,1.181103,2.210063,-0.884144,1.172608,2.069847,-0.765943,1.161330,2.312194,-0.889822,1.139846,2.229683,-0.546624,0.192152,1.857691,-0.773092,0.192121,1.682619,-0.502325,0.200529,1.855611,-0.742335,0.169124,1.658911,-0.505174,0.265388,1.819036,-0.700908,0.226680,1.636026,-0.476702,0.242550,1.896672,-0.747345,0.167325,1.595036
1485,50.257591,0,OK,96.97,-0.721595,0.228350,2.122185,-0.712523,0.164976,2.112399,-0.701572,0.045940,2.099112,-0.694638,-0.073759,2.089618,-0.686501,-0.230394,2.077917,-0.632389,-0.299722,1.942632,-0.607913,-0.354210,1.947553,-0.652494,-0.354753,1.930000,-0.608912,-0.368071,2.037718,-0.712935,-0.369339,1.996761,-0.652029,-0.187487,2.149327,-0.765061,-0.189236,2.094129,-0.570079,-0.198389,2.203506,-0.858009,-0.198115,2.061692,-0.480710,0.041421,2.161024,-0.824409,-0.062744,1.842955,-0.466511,0.146563,1.924288,-0.790176,0.073376,1.624780,-0.649591,0.290570,2.169554,-0.809836,0.279555,2.092332,-0.671506,0.722946,2.208394,-0.835088,0.713075,2.073368,-0.720251,1.112552,2.261029,-0.872214,1.097291,2.162470,-0.669060,1.182436,2.132077,-0.808593,1.180237,2.050582,-0.641680,1.182931,2.207054,-0.885832,1.174582,2.069913,-0.765347,1.163511,2.308525,-0.889082,1.142533,2.229962,-0.539908,0.199324,1.847077,-0.756424,0.180896,1.662629,-0.495314,0.206026,1.845227,-0.728304,0.154493,1.639196,-0.495591,0.271778,1.810167,-0.683435,0.207528,1.612240,-0.468155,0.246061,1.887274,-0.735572,0.150049,1.575668
1486,50.284591,0,OK,97.26,-0.721970,0.230150,2.121448,-0.712998,0.166786,2.111503,-0.702391,0.047768,2.097788,-0.696014,-0.071897,2.087510,-0.688758,-0.228490,2.074706,-0.636162,-0.287318,1.933961,-0.610463,-0.341458,1.934674,-0.655392,-0.341802,1.918028,-0.609225,-0.361391,2.023691,-0.714061,-0.362192,1.984850,-0.654435,-0.186316,2.146623,-0.767159,-0.186973,2.090774,-0.572618,-0.198079,2.200824,-0.859839,-0.192394,2.056844,-0.479491,0.037619,2.145377,-0.821807,-0.060969,1.836432,-0.459378,0.158175,1.916550,-0.782888,0.071344,1.616707,-0.649883,0.292129,2.169005,-0.810115,0.281576,2.091691,-0.671403,0.724605,2.206933,-0.836194,0.715124,2.074574,-0.719035,1.114592,2.257737,-0.872451,1.099631,2.162775,-0.667029,1.184670,2.129217,-0.810991,1.182446,2.049589,-0.640157,1.185098,2.204379,-0.887865,1.176671,2.070290,-0.764492,1.165459,2.304988,-0.888228,1.144998,2.230446,-0.529168,0.218685,1.841713,-0.741022,0.177338,1.650546,-0.484304,0.223538,1.840902,-0.715384,0.148481,1.627160,-0.481196,0.291251,1.809952,-0.667858,0.197631,1.597526,-0.456164,0.259718,1.885707,-0.724699,0.142817,1.563998
1487,50.312591,0,OK,97.12,-0.723532,0.239931,2.110940,-0.714692,0.176586,2.100764,-0.704686,0.057536,2.086861,-0.699331,-0.062205,2.076895,-0.693512,-0.218902,2.064639,-0.639351,-0.274214,1.923064,-0.612793,-0.327943,1.922880,-0.657636,-0.328686,1.906016,-0.611635,-0.349532,2.011511,-0.716269,-0.351267,1.972160,-0.659282,-0.176831,2.136659,-0.771615,-0.176573,2.080026,-0.577678,-0.189169,2.191054,-0.863801,-0.178277,2.044401,-0.480315,0.041492,2.123107,-0.819214,-0.049551,1.823625,-0.450040,0.178450,1.904872,-0.773559,0.080095,1.603606,-0.651303,0.301593,2.158694,-0.811583,0.291641,2.081398,-0.672566,0.733940,2.198200,-0.839039,0.725256,2.068686,-0.720607,1.123611,2.251002,-0.875009,1.109068,2.159973,-0.668081,1.195309,2.123591,-0.816320,1.193017,2.046153,-0.641690,1.195025,2.198923,-0.892711,1.186749,2.068439,-0.766578,1.173767,2.298513,-0.889530,1.153844,2.228315,-0.514475,0.247652,1.832819,-0.724415,0.183517,1.635560,-0.469419,0.250204,1.833515,-0.701039,0.152780,1.612198,-0.462010,0.319681,1.807617,-0.650838,0.198379,1.581324,-0.440831,0.281612,1.881522,-0.711591,0.147004,1.549241
1488,50.353948,0,OK,97.27,-0.723911,0.247844,2.100140,-0.715220,0.184530,2.089650,-0.705835,0.065466,2.075446,-0.701444,-0.054341,2.065789,-0.696895,-0.211124,2.054122,-0.640982,-0.265059,1.912697,-0.613866,-0.318508,1.912433,-0.658557,-0.319618,1.895188,-0.613224,-0.340593,2.000947,-0.717503,-0.343184,1.960708,-0.662513,-0.169075,2.126083,-0.774686,-0.168092,2.069139,-0.580869,-0.181849,2.180317,-0.866353,-0.166428,2.032199,-0.479994,0.043927,2.101894,-0.815840,-0.035383,1.814080,-0.441085,0.192769,1.893009,-0.764155,0.096538,1.596764,-0.651479,0.309126,2.148076,-0.811897,0.299880,2.070981,-0.672329,0.741211,2.190558,-0.841114,0.733506,2.063771,-0.720951,1.130287,2.247083,-0.877073,1.116328,2.159131,-0.668485,1.203931,2.120764,-0.821242,1.201650,2.044896,-0.642245,1.202743,2.196139,-0.897108,1.194779,2.068742,-0.767238,1.179594,2.295174,-0.890353,1.160379,2.228192,-0.500804,0.268841,1.823878,-0.709130,0.196561,1.629934,-0.455700,0.269188,1.825462,-0.687675,0.164979,1.605867,-0.444541,0.339549,1.803613,-0.635295,0.208260,1.575276,-0.426596,0.296500,1.875616,-0.699046,0.160839,1.542923
1489,50.385945,0,OK,97.23,-0.723241,0.250753,2.093683,-0.714690,0.187465,2.082916,-0.705844,0.068396,2.068418,-0.702261,-0.051456,2.058990,-0.698750,-0.208300,2.047786,-0.641766,-0.261259,1.906420,-0.614355,-0.314558,1.906055,-0.658944,-0.315831,1.888558,-0.614079,-0.337057,1.994467,-0.718119,-0.340028,1.953640,-0.664163,-0.166271,2.119660,-0.776267,-0.164704,2.062593,-0.582368,-0.179334,2.173597,-0.867510,-0.160290,2.024836,-0.479204,0.042305,2.086797,-0.814052,-0.020967,1.812629,-0.434230,0.198624,1.884702,-0.759380,0.119131,1.601242,-0.650614,0.311694,2.141757,-0.811172,0.303080,2.064881,-0.670924,0.743495,2.187281,-0.840934,0.736723,2.062799,-0.719748,1.132004,2.247413,-0.875892,1.118844,2.161289,-0.667784,1.207220,2.121814,-0.822325,1.204948,2.046558,-0.641371,1.205262,2.197113,-0.897725,1.197799,2.071760,-0.766071,1.180629,2.296158,-0.887968,1.162458,2.230847,-0.490748,0.279243,1.818076,-0.699490,0.215020,1.638001,-0.445671,0.277905,1.819895,-0.679816,0.183680,1.612160,-0.431857,0.348559,1.800664,-0.626031,0.226006,1.582693,-0.415919,0.302324,1.871149,-0.692296,0.182957,1.549294
1490,50.420473,0,OK,97.71,-0.728167,0.254218,2.092054,-0.719775,0.190956,2.081013,-0.711218,0.071876,2.066429,-0.707914,-0.048013,2.057372,-0.704689,-0.204898,2.046675,-0.646943,-0.258949,1.906033,-0.619223,-0.312088,1.906295,-0.663747,-0.313797,1.888670,-0.619102,-0.333692,1.994929,-0.722991,-0.337680,1.953807,-0.669412,-0.162666,2.118094,-0.782019,-0.161158,2.062024,-0.586879,-0.175628,2.170919,-0.873302,-0.154935,2.024620,-0.481979,0.042766,2.078179,-0.818147,-0.005917,1.819553,-0.431550,0.206730,1.883568,-0.761781,0.143746,1.615287,-0.655214,0.314858,2.140012,-0.816142,0.306800,2.063855,-0.674344,0.746276,2.189501,-0.846005,0.740425,2.067556,-0.722708,1.134113,2.254166,-0.879424,1.121669,2.169901,-0.671573,1.210775,2.129103,-0.827953,1.208538,2.054788,-0.644678,1.207970,2.204205,-0.902884,1.201203,2.081301,-0.768735,1.182162,2.303757,-0.890246,1.164823,2.239951,-0.485687,0.291691,1.820453,-0.696946,0.234764,1.655843,-0.440669,0.288913,1.822094,-0.679238,0.204125,1.627831,-0.424740,0.359845,1.805736,-0.624305,0.245719,1.599457,-0.410112,0.310295,1.874224,-0.693113,0.207489,1.565343
1491,50.453477,0,OK,97.22,-0.735184,0.257455,2.094546,-0.726961,0.194216,2.083254,-0.718488,0.075134,2.068630,-0.715010,-0.044760,2.059724,-0.711432,-0.201645,2.049117,-0.652784,-0.257620,1.909606,-0.624824,-0.310619,1.910827,-0.669256,-0.312810,1.893028,-0.625017,-0.330833,1.999789,-0.728693,-0.335946,1.958257,-0.675314,-0.159237,2.120010,-0.788683,-0.158136,2.065488,-0.591777,-0.172003,2.171283,-0.880330,-0.150895,2.029175,-0.485898,0.045252,2.076993,-0.826905,0.008495,1.831585,-0.430593,0.218418,1.891910,-0.772309,0.168406,1.634738,-0.661818,0.317837,2.142202,-0.823266,0.310256,2.067103,-0.678959,0.748862,2.195679,-0.854046,0.743729,2.076582,-0.725855,1.136127,2.264705,-0.886781,1.123588,2.184162,-0.675539,1.213793,2.139930,-0.837394,1.211581,2.068990,-0.648019,1.210208,2.214771,-0.911862,1.203849,2.096669,-0.771310,1.183853,2.315128,-0.896533,1.166099,2.254760,-0.483513,0.307496,1.833622,-0.703886,0.256096,1.676708,-0.438546,0.303803,1.834791,-0.687962,0.226356,1.646725,-0.421385,0.375174,1.821970,-0.633169,0.267966,1.618105,-0.407264,0.321912,1.887725,-0.704083,0.232798,1.585024
1492,50.482470,0,OK,97.20,-0.741795,0.260578,2.097077,-0.733750,0.197358,2.085552,-0.725165,0.078290,2.070874,-0.721081,-0.041584,2.061954,-0.716747,-0.198440,2.051217,-0.657041,-0.257357,1.913376,-0.629017,-0.310274,1.915950,-0.673320,-0.312921,1.897891,-0.629808,-0.328542,2.005328,-0.733182,-0.334719,1.963192,-0.679617,-0.155838,2.121468,-0.793953,-0.155405,2.068992,-0.594873,-0.168278,2.170803,-0.886244,-0.147816,2.034422,-0.487536,0.049547,2.079521,-0.837379,0.021250,1.843818,-0.427152,0.232538,1.905829,-0.787591,0.190664,1.653763,-0.667925,0.320757,2.144206,-0.830064,0.313547,2.070575,-0.682729,0.751350,2.201711,-0.863400,0.746675,2.085535,-0.727774,1.138016,2.275185,-0.896766,1.124303,2.200524,-0.678446,1.216434,2.150486,-0.850008,1.214161,2.085696,-0.650133,1.212126,2.224992,-0.923916,1.205576,2.114597,-0.772452,1.185551,2.326475,-0.905509,1.165791,2.271858,-0.479525,0.325320,1.853091,-0.718479,0.280570,1.689446,-0.434592,0.321121,1.853733,-0.703981,0.250656,1.658917,-0.416780,0.392935,1.844886,-0.652273,0.292942,1.625886,-0.402786,0.335866,1.907394,-0.724470,0.255642,1.598387
1493,50.521003,0,OK,96.92,-0.747024,0.264363,2.099560,-0.739186,0.201140,2.087909,-0.730483,0.082100,2.073079,-0.725676,-0.037714,2.063717,-0.720370,-0.194494,2.052321,-0.659406,-0.256996,1.916626,-0.631736,-0.309999,1.920779,-0.675839,-0.312815,1.902262,-0.633691,-0.326146,2.010547,-0.736598,-0.332716,1.967340,-0.682317,-0.151867,2.122061,-0.797565,-0.152102,2.071620,-0.596371,-0.164090,2.169328,-0.890560,-0.144622,2.038965,-0.486931,0.056318,2.087204,-0.845156,0.033607,1.856006,-0.420946,0.250248,1.928024,-0.803518,0.210570,1.670934,-0.672561,0.324421,2.145904,-0.835514,0.317457,2.074069,-0.684820,0.754590,2.207062,-0.873148,0.750045,2.093749,-0.728505,1.140430,2.285527,-0.908248,1.124376,2.218578,-0.680404,1.219722,2.160900,-0.865398,1.216891,2.104336,-0.651203,1.214679,2.235016,-0.938463,1.206882,2.134878,-0.772376,1.187692,2.337756,-0.915703,1.164436,2.290869,-0.473241,0.346372,1.881566,-0.740483,0.309773,1.688774,-0.428310,0.342116,1.881955,-0.726405,0.278019,1.659955,-0.410457,0.414352,1.877935,-0.683174,0.320764,1.616864,-0.396532,0.353228,1.936500,-0.753741,0.274264,1.602100
1494,50.551000,0,OK,97.32,-0.749429,0.266346,2.101252,-0.741773,0.203121,2.089494,-0.732979,0.084109,2.074493,-0.727566,-0.035643,2.064674,-0.721401,-0.192341,2.052599,-0.660312,-0.257302,1.918122,-0.633255,-0.310545,1.923146,-0.677273,-0.313123,1.904395,-0.635929,-0.325476,2.013106,-0.738639,-0.331493,1.969354,-0.682561,-0.149721,2.121909,-0.798569,-0.150535,2.073246,-0.595568,-0.161554,2.167326,-0.892175,-0.143282,2.042332,-0.487072,0.062885,2.095515,-0.854578,0.048500,1.871724,-0.418825,0.267179,1.950921,-0.828336,0.236609,1.695010,-0.674446,0.326306,2.146878,-0.838114,0.319545,2.076668,-0.684315,0.756164,2.210597,-0.880928,0.751468,2.100014,-0.726630,1.141369,2.292840,-0.917880,1.122768,2.233087,-0.679407,1.221066,2.168137,-0.880167,1.217227,2.118625,-0.649496,1.215521,2.241933,-0.952042,1.205737,2.151386,-0.769765,1.188567,2.345737,-0.923595,1.161885,2.306049,-0.473251,0.364600,1.909933,-0.795413,0.348593,1.672459,-0.428233,0.361384,1.910258,-0.777159,0.313920,1.650062,-0.412083,0.434130,1.910531,-0.755549,0.350585,1.588893,-0.396877,0.370033,1.965490,-0.810652,0.286336,1.602883
1495,50.583001,0,OK,96.21,-0.752178,0.271653,2.101437,-0.744739,0.208376,2.089818,-0.735877,0.089368,2.074829,-0.729872,-0.030309,2.064452,-0.722877,-0.186899,2.051469,-0.662695,-0.255384,1.918338,-0.636734,-0.309067,1.924368,-0.680737,-0.311081,1.905512,-0.639989,-0.322390,2.014561,-0.742664,-0.327089,1.970564,-0.683377,-0.144391,2.120474,-0.800023,-0.145697,2.073371,-0.595438,-0.155885,2.164122,-0.894163,-0.138974,2.043998,-0.492644,0.073668,2.100562,-0.861770,0.064410,1.886243,-0.428619,0.286662,1.967011,-0.851212,0.260441,1.716650,-0.676624,0.331662,2.146046,-0.841047,0.324895,2.077624,-0.684046,0.761235,2.211977,-0.888615,0.756401,2.099422,-0.726119,1.145391,2.299105,-0.926111,1.126587,2.235414,-0.679691,1.225868,2.174605,-0.894499,1.221158,2.119210,-0.649193,1.219697,2.248111,-0.964812,1.208696,2.154877,-0.768685,1.192320,2.352699,-0.929493,1.165901,2.308415,-0.487699,0.383215,1.930676,-0.850770,0.370212,1.671009,-0.442581,0.382024,1.930572,-0.825770,0.337286,1.652900,-0.429708,0.455344,1.933926,-0.819276,0.365094,1.584071,-0.411184,0.389672,1.985928,-0.854275,0.293479,1.615793
1496,50.615507,0,OK,96.66,-0.753623,0.274833,2.101347,-0.746370,0.211509,2.089869,-0.737468,0.092505,2.074872,-0.730990,-0.027100,2.063968,-0.723295,-0.183586,2.050141,-0.665223,-0.253695,1.916918,-0.640172,-0.307801,1.923013,-0.684329,-0.309120,1.904459,-0.643056,-0.320675,2.013283,-0.746090,-0.323752,1.969990,-0.683236,-0.141195,2.118895,-0.800406,-0.142913,2.073127,-0.594513,-0.152274,2.161038,-0.894990,-0.136819,2.045068,-0.504373,0.083584,2.101480,-0.865483,0.075909,1.899542,-0.453281,0.303212,1.973203,-0.868961,0.276829,1.735468,-0.677578,0.334895,2.145042,-0.842647,0.328107,2.078197,-0.682665,0.764158,2.213171,-0.891342,0.759744,2.094100,-0.724622,1.147197,2.305138,-0.926557,1.132090,2.224698,-0.678578,1.228314,2.180910,-0.899502,1.223764,2.105073,-0.647708,1.221563,2.254209,-0.968482,1.211864,2.143432,-0.766734,1.193928,2.359259,-0.927698,1.173277,2.296731,-0.519790,0.396071,1.940235,-0.892586,0.379019,1.679501,-0.474713,0.398083,1.939192,-0.861693,0.350246,1.663539,-0.466965,0.472046,1.943923,-0.862811,0.371520,1.592131,-0.442736,0.406782,1.994060,-0.881285,0.297912,1.632140
1497,50.648511,0,OK,96.61,-0.754351,0.276321,2.101268,-0.747258,0.212953,2.089931,-0.738342,0.093950,2.074929,-0.731514,-0.025593,2.063565,-0.723277,-0.181983,2.048997,-0.668168,-0.252315,1.914638,-0.643893,-0.306839,1.920119,-0.688318,-0.307368,1.902174,-0.645731,-0.320128,2.010357,-0.749390,-0.321362,1.968486,-0.682743,-0.139710,2.117545,-0.800339,-0.141744,2.072893,-0.593323,-0.150372,2.158298,-0.895343,-0.136792,2.046056,-0.526610,0.095435,2.109005,-0.863245,0.080813,1.908509,-0.501117,0.324484,1.989891,-0.874888,0.280508,1.743319,-0.677890,0.336440,2.144148,-0.843508,0.329614,2.078680,-0.680754,0.765343,2.214637,-0.891713,0.761554,2.084915,-0.722505,1.147240,2.311324,-0.924032,1.138326,2.202963,-0.676638,1.228782,2.187310,-0.900306,1.224629,2.078725,-0.645473,1.221510,2.260434,-0.968225,1.214409,2.119392,-0.764157,1.193885,2.365874,-0.923327,1.182659,2.273108,-0.581160,0.409843,1.968909,-0.914776,0.368216,1.673680,-0.536896,0.417990,1.965534,-0.878004,0.344497,1.662619,-0.538506,0.491715,1.976259,-0.879186,0.356187,1.589034,-0.502723,0.426555,2.019083,-0.885188,0.285846,1.637779
1498,50.681511,0,OK,95.57,-0.754601,0.276859,2.100970,-0.747639,0.213454,2.089762,-0.738721,0.094454,2.074734,-0.731624,-0.025031,2.062942,-0.722949,-0.181334,2.047696,-0.670895,-0.251514,1.912045,-0.647412,-0.306453,1.916778,-0.692093,-0.306146,1.899474,-0.648168,-0.320389,2.006934,-0.752423,-0.319674,1.966558,-0.682027,-0.139183,2.116088,-0.799963,-0.141463,2.072356,-0.592057,-0.149518,2.155702,-0.895183,-0.137348,2.046152,-0.558574,0.104506,2.115054,-0.859725,0.081807,1.911930,-0.574266,0.334716,1.996484,-0.870286,0.277226,1.741631,-0.677792,0.337036,2.143141,-0.843871,0.330163,2.078856,-0.678107,0.765604,2.215695,-0.890728,0.762267,2.073918,-0.719247,1.146405,2.316860,-0.920098,1.143976,2.175763,-0.673877,1.228266,2.192873,-0.898964,1.223586,2.046683,-0.642222,1.220522,2.265738,-0.966004,1.215655,2.089274,-0.760275,1.193012,2.371912,-0.917847,1.191930,2.243451,-0.672159,0.401957,1.991089,-0.912989,0.353444,1.661005,-0.631224,0.419706,1.984274,-0.872695,0.333847,1.655579,-0.646923,0.490417,2.001784,-0.867662,0.339556,1.581450,-0.593782,0.431761,2.034884,-0.870193,0.273013,1.635539
1499,50.717021,0,OK,96.03,-0.761453,0.277140,2.098660,-0.754477,0.213663,2.087871,-0.745390,0.094577,2.073647,-0.738292,-0.024960,2.062393,-0.729620,-0.181326,2.047808,-0.679919,-0.252651,1.911873,-0.657370,-0.307987,1.916520,-0.702178,-0.306923,1.899578,-0.657636,-0.321750,2.006705,-0.762188,-0.319267,1.967175,-0.689092,-0.138934,2.116287,-0.806759,-0.141314,2.071841,-0.599156,-0.148977,2.156052,-0.901517,-0.137382,2.043983,-0.602603,0.108868,2.127669,-0.853056,0.068870,1.894272,-0.675000,0.324183,2.002369,-0.840382,0.231334,1.692415,-0.684474,0.337712,2.139944,-0.850917,0.330173,2.076687,-0.680972,0.766048,2.213769,-0.896239,0.762194,2.061270,-0.720602,1.145851,2.319200,-0.922554,1.147348,2.150159,-0.675771,1.227966,2.195185,-0.904049,1.221316,2.017372,-0.643511,1.219651,2.267720,-0.970172,1.215403,2.061689,-0.760789,1.192493,2.374840,-0.918752,1.198140,2.215672,-0.786969,0.361309,2.017140,-0.867480,0.283880,1.589274,-0.754301,0.389925,2.004849,-0.824976,0.272353,1.599157,-0.785499,0.453145,2.028992,-0.798525,0.267512,1.529660,-0.713403,0.411324,2.049324,-0.807346,0.210979,1.593584
1500,50.747020,0,OK,95.85,-0.765227,0.276665,2.097191,-0.758223,0.213128,2.086779,-0.748963,0.093972,2.073274,-0.741843,-0.025611,2.062529,-0.733131,-0.182032,2.048572,-0.686095,-0.255855,1.913023,-0.664316,-0.311458,1.918137,-0.709299,-0.309944,1.901703,-0.663723,-0.324040,2.008493,-0.768685,-0.320508,1.970147,-0.692965,-0.139395,2.117111,-0.810390,-0.141913,2.072035,-0.603002,-0.149012,2.156921,-0.904694,-0.138686,2.042592,-0.642534,0.106836,2.140151,-0.837198,0.065339,1.897265,-0.782902,0.276649,2.003177,-0.760980,0.167409,1.671268,-0.688125,0.337600,2.137705,-0.854865,0.329444,2.075313,-0.680939,0.765550,2.213474,-0.895787,0.761438,2.050019,-0.719180,1.144044,2.324001,-0.917017,1.149637,2.126095,-0.675593,1.226845,2.199999,-0.900141,1.217973,1.990112,-0.642425,1.217858,2.272043,-0.965542,1.214498,2.035739,-0.758416,1.190467,2.380497,-0.911638,1.203008,2.189411,-0.895652,0.279708,2.040748,-0.748785,0.186769,1.554607,-0.876571,0.315623,2.021173,-0.714130,0.192406,1.582968,-0.920459,0.368441,2.050107,-0.658518,0.183468,1.534179,-0.836426,0.351999,2.055434,-0.682876,0.140740,1.604472
1501,50.784033,0,OK,96.13,-0.771708,0.269755,2.095297,-0.764697,0.206115,2.085539,-0.754983,0.086949,2.072447,-0.746777,-0.032547,2.061512,-0.736347,-0.188836,2.047253,-0.691800,-0.263770,1.911473,-0.669967,-0.319347,1.916638,-0.715237,-0.317929,1.901003,-0.667759,-0.331211,2.007066,-0.773391,-0.327904,1.970584,-0.696014,-0.145812,2.115452,-0.813841,-0.149668,2.071534,-0.605340,-0.154099,2.153924,-0.908214,-0.148521,2.042156,-0.674746,0.095328,2.137461,-0.850850,0.071007,1.916384,-0.864070,0.187701,1.986050,-0.701235,0.106480,1.707436,-0.694331,0.331264,2.134392,-0.861633,0.322144,2.073662,-0.682515,0.759040,2.210557,-0.898742,0.754097,2.042480,-0.719020,1.136111,2.326407,-0.914822,1.143867,2.111450,-0.677680,1.219909,2.202305,-0.900429,1.208636,1.973450,-0.643071,1.210131,2.273564,-0.964814,1.206893,2.020596,-0.756908,1.182145,2.384127,-0.907566,1.198750,2.173268,-0.968960,0.164523,2.036984,-0.656319,0.097837,1.597703,-0.963023,0.201224,2.011392,-0.633072,0.117589,1.630969,-1.017625,0.243267,2.039747,-0.564490,0.108464,1.603287,-0.932327,0.251740,2.036182,-0.603656,0.080767,1.674414
1502,50.817531,0,OK,96.22,-0.773652,0.260462,2.096501,-0.766770,0.196708,2.087423,-0.756890,0.077533,2.074534,-0.747676,-0.041845,2.063125,-0.735546,-0.197954,2.048256,-0.692571,-0.273836,1.912495,-0.670493,-0.329302,1.917812,-0.715972,-0.328150,1.902771,-0.667043,-0.340434,2.008294,-0.773161,-0.337746,1.973200,-0.694634,-0.154610,2.115905,-0.813109,-0.159817,2.073914,-0.603067,-0.161536,2.152489,-0.907780,-0.160941,2.045510,-0.692431,0.080819,2.128394,-0.878673,0.073136,1.937516,-0.895128,0.097284,1.967320,-0.677430,-0.011294,1.797250,-0.695796,0.322414,2.133911,-0.863828,0.312613,2.075339,-0.679618,0.750201,2.209205,-0.898255,0.744538,2.040855,-0.715140,1.125553,2.330800,-0.910379,1.135498,2.103617,-0.676892,1.210963,2.206806,-0.898642,1.197071,1.963914,-0.640548,1.200308,2.277068,-0.961987,1.196786,2.012479,-0.751635,1.170813,2.390011,-0.901453,1.191704,2.164012,-0.990554,0.052829,2.022558,-0.614294,-0.077839,1.721624,-0.994303,0.087003,1.993314,-0.594058,-0.049174,1.750014,-1.058163,0.115989,2.018508,-0.527145,-0.081861,1.752695,-0.978046,0.146034,2.012281,-0.587479,-0.065863,1.811552
1503,50.851532,0,OK,96.18,-0.768538,0.251459,2.092629,-0.761791,0.187624,2.084032,-0.751824,0.068510,2.070661,-0.741762,-0.050683,2.058079,-0.728255,-0.206526,2.041692,-0.686162,-0.283456,1.906246,-0.664029,-0.338871,1.911848,-0.709608,-0.337851,1.897104,-0.659970,-0.349294,2.002390,-0.766321,-0.346913,1.967987,-0.686877,-0.163347,2.109164,-0.805848,-0.169405,2.068716,-0.594632,-0.169268,2.144184,-0.900730,-0.172308,2.041154,-0.695675,0.067259,2.110314,-0.888872,0.066742,1.941070,-0.892191,0.024657,1.946398,-0.680318,-0.031938,1.822455,-0.690197,0.313707,2.128504,-0.858956,0.303460,2.072141,-0.670322,0.741568,2.202482,-0.892233,0.735357,2.036215,-0.704940,1.115205,2.329495,-0.902121,1.127193,2.093682,-0.670655,1.202422,2.205600,-0.893049,1.185989,1.952591,-0.632250,1.191009,2.274636,-0.955414,1.186803,2.002401,-0.739901,1.159510,2.390331,-0.891886,1.184550,2.152772,-0.978376,-0.034629,2.002887,-0.615366,-0.106738,1.756730,-0.987989,-0.004488,1.970695,-0.595795,-0.076969,1.784441,-1.057550,0.012085,1.991664,-0.530980,-0.112347,1.794469,-0.985382,0.057974,1.984854,-0.594492,-0.089282,1.847333
1504,50.885532,0,OK,95.86,-0.759748,0.244173,2.089412,-0.753170,0.180275,2.081154,-0.743209,0.061249,2.067019,-0.732515,-0.057732,2.053037,-0.718007,-0.213281,2.034806,-0.676216,-0.290956,1.899692,-0.653986,-0.346306,1.905557,-0.699611,-0.345439,1.890947,-0.649636,-0.356182,1.996146,-0.756095,-0.354159,1.962056,-0.676190,-0.170511,2.102268,-0.795567,-0.177056,2.063111,-0.583433,-0.175759,2.136020,-0.890614,-0.181346,2.036308,-0.687060,0.058194,2.093248,-0.890976,0.059359,1.939543,-0.870080,-0.026899,1.930261,-0.684444,-0.031204,1.811306,-0.680907,0.306572,2.123902,-0.850360,0.296134,2.069702,-0.657933,0.734644,2.195728,-0.883557,0.728013,2.033488,-0.691456,1.106837,2.327196,-0.892677,1.120619,2.085570,-0.662072,1.195802,2.203285,-0.886041,1.176555,1.943187,-0.621264,1.183886,2.270841,-0.947567,1.178314,1.994006,-0.724685,1.150125,2.389712,-0.881534,1.179171,2.143308,-0.950041,-0.094381,1.986706,-0.620456,-0.104084,1.742547,-0.961925,-0.068337,1.951811,-0.600487,-0.074062,1.769695,-1.034330,-0.060980,1.967828,-0.534555,-0.108030,1.776928,-0.969348,-0.005361,1.961171,-0.596450,-0.086754,1.832396
1505,50.915534,0,OK,96.01,-0.750790,0.237743,2.091607,-0.744466,0.173791,2.083577,-0.734703,0.054819,2.068854,-0.723812,-0.064018,2.053836,-0.708937,-0.219357,2.034170,-0.667121,-0.297279,1.899207,-0.644711,-0.352543,1.905190,-0.690362,-0.351857,1.890650,-0.640187,-0.362154,1.995799,-0.746705,-0.360553,1.961872,-0.666486,-0.176974,2.101480,-0.786292,-0.183662,2.063682,-0.573286,-0.181959,2.134032,-0.881553,-0.188962,2.037837,-0.670733,0.052500,2.080782,-0.887559,0.050617,1.938498,-0.838875,-0.060442,1.918688,-0.693905,-0.054876,1.801854,-0.671400,0.300106,2.124880,-0.841498,0.289838,2.072706,-0.645966,0.728525,2.193750,-0.875957,0.721689,2.037364,-0.678488,1.099622,2.328524,-0.886290,1.115105,2.082664,-0.654144,1.190066,2.204592,-0.881722,1.167648,1.938913,-0.610994,1.177936,2.270637,-0.942638,1.170266,1.990426,-0.710057,1.141961,2.392531,-0.874808,1.175090,2.138844,-0.917952,-0.131601,1.971763,-0.637887,-0.133996,1.733037,-0.928562,-0.108692,1.934350,-0.614851,-0.103816,1.757444,-1.002535,-0.106980,1.943193,-0.550304,-0.140730,1.762373,-0.942119,-0.046214,1.938983,-0.607541,-0.113810,1.820336
1506,50.950040,0,OK,95.88,-0.742646,0.233533,2.095487,-0.736555,0.169545,2.087561,-0.727019,0.050647,2.072114,-0.716118,-0.068033,2.055909,-0.701141,-0.223152,2.034647,-0.658622,-0.300819,1.899756,-0.636018,-0.356000,1.905768,-0.681627,-0.355480,1.891092,-0.631727,-0.365657,1.996384,-0.738149,-0.364442,1.962140,-0.658145,-0.181321,2.101957,-0.778285,-0.187884,2.065208,-0.564651,-0.186446,2.133631,-0.873702,-0.193935,2.040114,-0.644543,0.053218,2.074631,-0.884482,0.045779,1.941507,-0.805239,-0.069346,1.911974,-0.691435,-0.063015,1.806602,-0.662770,0.295795,2.127773,-0.833422,0.285792,2.077388,-0.635533,0.724625,2.193313,-0.870033,0.717540,2.042956,-0.666757,1.095178,2.329879,-0.882729,1.111638,2.081177,-0.647123,1.186594,2.205824,-0.880036,1.160693,1.936153,-0.601855,1.174519,2.270447,-0.940459,1.164056,1.988199,-0.696781,1.136814,2.395080,-0.871210,1.173070,2.135764,-0.887794,-0.139362,1.961130,-0.635822,-0.143819,1.739433,-0.895433,-0.118141,1.922034,-0.612629,-0.113324,1.763293,-0.969902,-0.117083,1.924543,-0.548336,-0.150558,1.769055,-0.909969,-0.055717,1.922901,-0.605492,-0.122144,1.826380
1507,50.986877,0,OK,95.64,-0.734876,0.233953,2.098420,-0.729053,0.169950,2.090415,-0.719886,0.051110,2.074308,-0.709294,-0.067484,2.057293,-0.694781,-0.222513,2.035069,-0.650553,-0.300646,1.901000,-0.627992,-0.355790,1.907494,-0.673417,-0.355353,1.892253,-0.624816,-0.365112,1.998190,-0.730807,-0.364091,1.962630,-0.651588,-0.181214,2.102582,-0.771789,-0.187214,2.065936,-0.558115,-0.186984,2.134209,-0.867177,-0.193574,2.040807,-0.612610,0.059350,2.073774,-0.884298,0.045720,1.942077,-0.774005,-0.056894,1.907215,-0.683955,-0.062685,1.817925,-0.654575,0.295930,2.130194,-0.825600,0.286525,2.080971,-0.626530,0.725236,2.192177,-0.864952,0.718210,2.048853,-0.656512,1.095968,2.328536,-0.881128,1.112782,2.080257,-0.640890,1.187550,2.204035,-0.879729,1.158440,1.934109,-0.593893,1.175919,2.267494,-0.939914,1.162369,1.986391,-0.685281,1.137323,2.394477,-0.870001,1.175601,2.133324,-0.864345,-0.120034,1.951779,-0.622597,-0.143370,1.755805,-0.867876,-0.099119,1.911938,-0.601572,-0.111729,1.780178,-0.942090,-0.092859,1.909424,-0.536734,-0.147033,1.790316,-0.878008,-0.035834,1.910874,-0.597704,-0.118964,1.843751
1508,51.017414,0,OK,95.92,-0.731650,0.235010,2.099804,-0.726058,0.170997,2.091715,-0.717234,0.052202,2.075092,-0.706970,-0.066334,2.057480,-0.692949,-0.221308,2.034567,-0.645730,-0.299419,1.901509,-0.622939,-0.354403,1.908538,-0.668074,-0.354290,1.892454,-0.621392,-0.363524,1.999297,-0.726708,-0.363260,1.961769,-0.649580,-0.180438,2.102226,-0.769826,-0.185908,2.065646,-0.556168,-0.186959,2.133887,-0.865237,-0.192404,2.040639,-0.582790,0.065047,2.078325,-0.893351,0.048090,1.947502,-0.750250,-0.031261,1.905166,-0.689315,-0.056459,1.826087,-0.650995,0.296726,2.131188,-0.822313,0.287861,2.082896,-0.622785,0.726546,2.189415,-0.863467,0.719420,2.051359,-0.651469,1.097916,2.324307,-0.882335,1.114435,2.074648,-0.639495,1.189021,2.199054,-0.882054,1.156096,1.927305,-0.590930,1.178056,2.261441,-0.942013,1.160933,1.979770,-0.679001,1.139363,2.390717,-0.871497,1.178773,2.125925,-0.848659,-0.085049,1.944619,-0.623192,-0.135174,1.766374,-0.848209,-0.063219,1.905117,-0.604091,-0.102240,1.790617,-0.921152,-0.048973,1.899674,-0.537914,-0.134381,1.802484,-0.851472,0.000798,1.904971,-0.601091,-0.108335,1.854356
1509,51.052415,0,OK,95.95,-0.730067,0.236961,2.100875,-0.724666,0.172943,2.092694,-0.716099,0.054184,2.075683,-0.706089,-0.064313,2.057667,-0.692455,-0.219252,2.034292,-0.640942,-0.296028,1.902053,-0.617512,-0.350704,1.909380,-0.662250,-0.351179,1.892228,-0.617984,-0.360231,2.000110,-0.722372,-0.361338,1.960089,-0.648939,-0.178683,2.102038,-0.769224,-0.183760,2.065532,-0.555554,-0.186028,2.133600,-0.864751,-0.190046,2.040917,-0.551718,0.069859,2.091054,-0.903173,0.052817,1.958188,-0.727137,0.014566,1.908097,-0.696712,-0.042640,1.833430,-0.649126,0.298446,2.131976,-0.820673,0.290051,2.084415,-0.620893,0.728740,2.186576,-0.863311,0.721554,2.054101,-0.647634,1.101349,2.318417,-0.884411,1.116761,2.071438,-0.638744,1.191211,2.192014,-0.885259,1.155518,1.923307,-0.588803,1.181082,2.253450,-0.944944,1.160995,1.976020,-0.673909,1.143363,2.384979,-0.873703,1.182164,2.121377,-0.833821,-0.026375,1.940905,-0.624379,-0.116472,1.774687,-0.828769,-0.001749,1.903418,-0.607970,-0.082540,1.799517,-0.898473,0.023998,1.897783,-0.540104,-0.110400,1.812603,-0.822228,0.061801,1.908652,-0.605908,-0.088877,1.863270
1510,51.084414,0,OK,96.69,-0.728954,0.239290,2.101825,-0.723707,0.175271,2.093549,-0.715330,0.056540,2.076257,-0.705518,-0.061936,2.057987,-0.692190,-0.216860,2.034337,-0.636257,-0.291817,1.902852,-0.611870,-0.346042,1.910403,-0.656207,-0.347336,1.892280,-0.614109,-0.356089,2.001050,-0.717561,-0.359108,1.958763,-0.648555,-0.176490,2.102126,-0.768873,-0.181277,2.065686,-0.555226,-0.184405,2.133716,-0.864524,-0.187290,2.041489,-0.516280,0.071427,2.115390,-0.912442,0.059817,1.978682,-0.688718,0.093757,1.922857,-0.703152,-0.023806,1.850199,-0.647790,0.300576,2.132733,-0.819509,0.292579,2.085730,-0.620146,0.731291,2.184229,-0.862774,0.724114,2.056802,-0.645352,1.105274,2.312429,-0.885186,1.119411,2.069919,-0.638925,1.193492,2.184726,-0.886917,1.156274,1.921313,-0.587887,1.184296,2.245402,-0.946354,1.162216,1.974255,-0.670571,1.148093,2.378888,-0.874456,1.185482,2.118966,-0.803926,0.079141,1.948305,-0.626479,-0.089008,1.786922,-0.790554,0.108037,1.916314,-0.612218,-0.055383,1.813440,-0.849970,0.153015,1.916688,-0.542399,-0.078998,1.824435,-0.766752,0.164921,1.933823,-0.608953,-0.064993,1.876732
1511,51.115417,0,OK,96.90,-0.712917,0.249566,2.108366,-0.707837,0.185558,2.099901,-0.699941,0.066777,2.082718,-0.691055,-0.051828,2.064823,-0.679077,-0.206938,2.041677,-0.623338,-0.282820,1.910641,-0.598717,-0.336885,1.918571,-0.643114,-0.338503,1.900623,-0.600587,-0.346155,2.009310,-0.704180,-0.349931,1.967430,-0.634046,-0.166527,2.108522,-0.754995,-0.170740,2.074161,-0.540346,-0.175099,2.138817,-0.851184,-0.176315,2.052082,-0.482948,0.077883,2.135884,-0.918947,0.070702,2.010925,-0.628610,0.165136,1.939739,-0.707535,0.017511,1.870289,-0.631472,0.310619,2.138994,-0.803453,0.303067,2.092886,-0.608610,0.741845,2.188513,-0.851619,0.734198,2.065731,-0.636061,1.116810,2.313339,-0.878922,1.129256,2.076584,-0.632140,1.203240,2.184319,-0.882225,1.165183,1.927775,-0.580242,1.195412,2.244455,-0.941330,1.170723,1.981131,-0.660849,1.160334,2.379502,-0.868635,1.195753,2.125148,-0.746256,0.172866,1.955030,-0.626136,-0.032365,1.799431,-0.723941,0.202980,1.929882,-0.615615,0.002379,1.826253,-0.772226,0.259501,1.935107,-0.542278,-0.009734,1.831565,-0.690514,0.249192,1.959138,-0.606224,-0.008360,1.888746
1512,51.152674,0,OK,96.10,-0.701056,0.257220,2.121067,-0.696162,0.193208,2.112524,-0.688591,0.074395,2.095417,-0.680167,-0.044218,2.077350,-0.668699,-0.199280,2.053629,-0.614311,-0.276207,1.922635,-0.589628,-0.330218,1.930740,-0.634204,-0.331960,1.913254,-0.590583,-0.338776,2.021562,-0.694595,-0.342840,1.980763,-0.622330,-0.159027,2.119650,-0.743943,-0.163134,2.087702,-0.528125,-0.167867,2.148252,-0.840654,-0.168839,2.068075,-0.463400,0.082128,2.173080,-0.932337,0.073838,2.065803,-0.576490,0.246488,2.007252,-0.726006,0.069540,1.908602,-0.619300,0.318079,2.151248,-0.791572,0.310923,2.106178,-0.602065,0.749804,2.198648,-0.844309,0.741588,2.080156,-0.632730,1.125820,2.319502,-0.875903,1.136350,2.090094,-0.630538,1.210086,2.189018,-0.880480,1.172098,1.941277,-0.578151,1.203774,2.248908,-0.939316,1.177071,1.994984,-0.657479,1.170218,2.385095,-0.866019,1.202997,2.138536,-0.690414,0.276501,2.023215,-0.644285,0.043730,1.826202,-0.660492,0.306162,2.007023,-0.639298,0.079124,1.853763,-0.695620,0.368905,2.026584,-0.565135,0.085441,1.850126,-0.619854,0.334596,2.047630,-0.619968,0.069064,1.914046
1513,51.181673,0,OK,96.07,-0.693592,0.262006,2.131359,-0.688853,0.197999,2.122693,-0.681421,0.079245,2.105119,-0.673074,-0.039232,2.086145,-0.661649,-0.194083,2.061068,-0.608967,-0.272007,1.929966,-0.584448,-0.326084,1.938127,-0.629211,-0.327719,1.921111,-0.584506,-0.334120,2.029002,-0.688952,-0.337935,1.989299,-0.614269,-0.154214,2.126602,-0.736393,-0.158377,2.096672,-0.519641,-0.163096,2.153759,-0.833487,-0.164524,2.079183,-0.454110,0.082965,2.203384,-0.939696,0.066502,2.130657,-0.526999,0.305889,2.092500,-0.752392,0.125735,1.961212,-0.611594,0.322666,2.161282,-0.784071,0.315899,2.116944,-0.599987,0.754730,2.207281,-0.840359,0.746314,2.094471,-0.634508,1.131370,2.325114,-0.875007,1.140666,2.109286,-0.633184,1.213744,2.193415,-0.877864,1.178632,1.960976,-0.580691,1.208773,2.253339,-0.937453,1.182343,2.013950,-0.659597,1.176495,2.390078,-0.866294,1.206644,2.158856,-0.632920,0.354261,2.116486,-0.682295,0.134929,1.865628,-0.596714,0.380036,2.108609,-0.682808,0.166995,1.897390,-0.619066,0.441489,2.144349,-0.615255,0.195859,1.884870,-0.553226,0.387543,2.155100,-0.651272,0.156860,1.952268
1514,51.234052,0,OK,96.51,-0.687019,0.269288,2.131464,-0.682410,0.205295,2.122624,-0.675017,0.086616,2.104537,-0.666711,-0.031778,2.085038,-0.655291,-0.186530,2.059343,-0.604333,-0.266740,1.928941,-0.580512,-0.321045,1.937637,-0.625377,-0.322273,1.920860,-0.580223,-0.327983,2.028603,-0.684908,-0.330849,1.989455,-0.607208,-0.146771,2.124430,-0.729672,-0.151079,2.095948,-0.512296,-0.155375,2.150675,-0.827002,-0.157905,2.080099,-0.447323,0.088195,2.211953,-0.935446,0.053390,2.184489,-0.467903,0.343458,2.170472,-0.792743,0.189008,2.015531,-0.604841,0.329736,2.161321,-0.777446,0.323367,2.117426,-0.599513,0.761885,2.207674,-0.836702,0.753615,2.099930,-0.638856,1.138466,2.324174,-0.873637,1.147338,2.123409,-0.637876,1.219514,2.191653,-0.873251,1.189171,1.976116,-0.585545,1.215660,2.251799,-0.934080,1.191184,2.027756,-0.664605,1.184000,2.388593,-0.866461,1.212034,2.174877,-0.556198,0.414777,2.205854,-0.749597,0.237735,1.916040,-0.513830,0.429968,2.202475,-0.755500,0.262316,1.953433,-0.518835,0.487004,2.250174,-0.706154,0.316250,1.938956,-0.471796,0.415272,2.248584,-0.712772,0.257317,2.000954
1515,51.269548,0,OK,96.41,-0.682074,0.273890,2.128401,-0.677596,0.209926,2.119291,-0.670111,0.091340,2.100641,-0.661617,-0.026980,2.080770,-0.649918,-0.181695,2.054986,-0.600793,-0.264193,1.925309,-0.577758,-0.318749,1.934537,-0.622715,-0.319490,1.917978,-0.577148,-0.324625,2.025575,-0.682048,-0.326355,1.986937,-0.601582,-0.141815,2.119812,-0.724191,-0.146453,2.092009,-0.506585,-0.149859,2.145921,-0.821609,-0.154142,2.077124,-0.442997,0.092371,2.213631,-0.920158,0.047022,2.207985,-0.416376,0.349432,2.236310,-0.837405,0.253919,2.075136,-0.599754,0.334055,2.158440,-0.772409,0.328201,2.114669,-0.600491,0.766047,2.206519,-0.833717,0.758382,2.103900,-0.644325,1.142440,2.322018,-0.871785,1.150992,2.140522,-0.643105,1.222311,2.188787,-0.867322,1.198622,1.995067,-0.591125,1.219376,2.249288,-0.929591,1.198530,2.045002,-0.670808,1.188355,2.385866,-0.866203,1.213608,2.194690,-0.479812,0.436905,2.285897,-0.827116,0.336834,1.990556,-0.434951,0.439929,2.281948,-0.837208,0.348000,2.033109,-0.422417,0.488755,2.336833,-0.813159,0.418524,2.031897,-0.397903,0.407685,2.323139,-0.790381,0.349102,2.076869
1516,51.304552,0,OK,97.02,-0.678919,0.275118,2.125731,-0.674603,0.211208,2.116178,-0.667037,0.092702,2.097054,-0.658310,-0.025589,2.077116,-0.645975,-0.180289,2.051539,-0.598396,-0.264628,1.922472,-0.575992,-0.319371,1.932135,-0.621022,-0.319720,1.915763,-0.575080,-0.324377,2.023223,-0.680150,-0.325193,1.985023,-0.597862,-0.140137,2.116363,-0.720423,-0.145294,2.088445,-0.502963,-0.147606,2.142998,-0.817825,-0.153722,2.073854,-0.438124,0.093022,2.215091,-0.908864,0.045834,2.212392,-0.375730,0.335170,2.284191,-0.877235,0.289767,2.129933,-0.596472,0.334848,2.156286,-0.769090,0.329770,2.112275,-0.603202,0.766493,2.206946,-0.830330,0.760090,2.110450,-0.651017,1.143020,2.320411,-0.867507,1.150787,2.164365,-0.648529,1.221439,2.186338,-0.858176,1.205781,2.021768,-0.597252,1.219363,2.247471,-0.922016,1.203494,2.069623,-0.678418,1.189525,2.383439,-0.863405,1.210511,2.221831,-0.410858,0.432194,2.343241,-0.893395,0.389692,2.067575,-0.367152,0.424283,2.335209,-0.904025,0.387522,2.111388,-0.338332,0.464817,2.390705,-0.899630,0.460190,2.127310,-0.336229,0.381271,2.371303,-0.857115,0.390980,2.154937
1517,51.351591,0,OK,97.42,-0.675459,0.271948,2.122895,-0.671247,0.208088,2.112963,-0.663501,0.089655,2.093465,-0.654727,-0.028629,2.073508,-0.642327,-0.183348,2.048073,-0.595666,-0.268949,1.919502,-0.573853,-0.323872,1.929486,-0.618885,-0.323832,1.913116,-0.572991,-0.328356,2.020602,-0.678065,-0.328261,1.982405,-0.594568,-0.143192,2.113156,-0.716969,-0.148297,2.084531,-0.499924,-0.150667,2.140681,-0.814318,-0.156924,2.069707,-0.430238,0.087718,2.215650,-0.904065,0.044916,2.205758,-0.344155,0.313187,2.310815,-0.903851,0.299393,2.155314,-0.592976,0.331319,2.154043,-0.765480,0.326866,2.109523,-0.605141,0.762529,2.207325,-0.824594,0.757395,2.118453,-0.655588,1.139849,2.316952,-0.858869,1.144935,2.193088,-0.651378,1.216268,2.181772,-0.844609,1.208279,2.054418,-0.600862,1.215064,2.243557,-0.909901,1.203909,2.100120,-0.683725,1.187302,2.378940,-0.855896,1.201043,2.254155,-0.358612,0.412449,2.374633,-0.934781,0.403498,2.106938,-0.317481,0.397912,2.363045,-0.945280,0.393573,2.149700,-0.278471,0.431310,2.417048,-0.952286,0.463080,2.175645,-0.291419,0.349247,2.395626,-0.899799,0.397931,2.194660
1518,51.391931,0,OK,97.32,-0.672359,0.264715,2.120806,-0.668184,0.200904,2.110552,-0.660205,0.082558,2.090623,-0.651570,-0.035691,2.070395,-0.639541,-0.190380,2.044602,-0.593155,-0.276556,1.916317,-0.571831,-0.331643,1.926456,-0.616805,-0.331255,1.909933,-0.571314,-0.335997,2.017581,-0.676255,-0.335091,1.979027,-0.592222,-0.150608,2.110240,-0.714376,-0.155146,2.080485,-0.497948,-0.158652,2.138853,-0.811653,-0.163493,2.065039,-0.420131,0.075617,2.218642,-0.904287,0.041465,2.194325,-0.319708,0.288938,2.326867,-0.925349,0.297734,2.159888,-0.589939,0.323815,2.152630,-0.762253,0.319818,2.107332,-0.606960,0.754525,2.208561,-0.817731,0.750447,2.127589,-0.659046,1.132867,2.313805,-0.847874,1.133600,2.223598,-0.653503,1.207139,2.177480,-0.829167,1.204982,2.089435,-0.603516,1.206792,2.239706,-0.895658,1.198905,2.133170,-0.687591,1.181356,2.374797,-0.845639,1.185854,2.288023,-0.323804,0.387389,2.393391,-0.962991,0.402494,2.118136,-0.284412,0.369688,2.380267,-0.973802,0.388674,2.159722,-0.241214,0.398214,2.433873,-0.986858,0.455346,2.190346,-0.261774,0.318143,2.410921,-0.929988,0.393120,2.206301
1519,51.440441,0,OK,97.33,-0.671356,0.259423,2.119084,-0.667285,0.195670,2.108431,-0.659118,0.077434,2.087934,-0.650704,-0.040762,2.067307,-0.639160,-0.195402,2.041003,-0.593204,-0.284952,1.914893,-0.572160,-0.339879,1.926393,-0.617131,-0.339671,1.909857,-0.571670,-0.341984,2.017597,-0.676603,-0.341499,1.979014,-0.592166,-0.156094,2.107152,-0.714109,-0.159976,2.076456,-0.498481,-0.165569,2.137226,-0.811415,-0.167905,2.060970,-0.401664,0.045148,2.253538,-0.919185,0.032946,2.184859,-0.304699,0.255667,2.370084,-0.984528,0.283855,2.193746,-0.588905,0.318140,2.151531,-0.761091,0.314804,2.105703,-0.610926,0.748220,2.210476,-0.808125,0.745139,2.144787,-0.663401,1.127932,2.310465,-0.829565,1.119629,2.272184,-0.658860,1.199455,2.172643,-0.805111,1.201661,2.145228,-0.608415,1.200344,2.234492,-0.872943,1.193884,2.186570,-0.691492,1.177639,2.370683,-0.827658,1.166066,2.340930,-0.312617,0.363733,2.419011,-1.015682,0.395425,2.166981,-0.272531,0.344568,2.411068,-1.031641,0.374932,2.203896,-0.232320,0.382100,2.461347,-1.047643,0.435643,2.244042,-0.251389,0.299094,2.450995,-0.993806,0.369812,2.255387
1520,51.476702,0,OK,97.34,-0.672286,0.257303,2.118877,-0.668184,0.193592,2.107989,-0.659861,0.075417,2.087204,-0.651590,-0.042755,2.066379,-0.640409,-0.197366,2.039749,-0.594324,-0.289687,1.915702,-0.573515,-0.344434,1.928420,-0.618426,-0.344417,1.911722,-0.573355,-0.344637,2.019650,-0.678148,-0.344596,1.980688,-0.593937,-0.158440,2.106490,-0.715573,-0.161731,2.074533,-0.500882,-0.169279,2.138026,-0.812815,-0.169070,2.058368,-0.396928,0.020716,2.280852,-0.934563,0.025025,2.180059,-0.301645,0.226826,2.406325,-1.017793,0.270036,2.198666,-0.589990,0.315850,2.152016,-0.761922,0.312778,2.105225,-0.612705,0.745391,2.214521,-0.801986,0.742674,2.155357,-0.663500,1.125758,2.312872,-0.817323,1.112075,2.297620,-0.659195,1.196532,2.174656,-0.789775,1.198545,2.174295,-0.608515,1.197549,2.236310,-0.858225,1.190511,2.214554,-0.691168,1.175894,2.372929,-0.815305,1.155715,2.368172,-0.315091,0.337066,2.448767,-1.036445,0.385433,2.176975,-0.274283,0.318018,2.445736,-1.055623,0.364908,2.212306,-0.239456,0.358461,2.497746,-1.066621,0.424889,2.255142,-0.256822,0.274822,2.489762,-1.020221,0.353328,2.264476
1521,51.512703,0,OK,96.99,-0.674080,0.246824,2.121776,-0.669899,0.183170,2.110592,-0.661336,0.065252,2.088485,-0.653004,-0.052520,2.065528,-0.641898,-0.206576,2.035826,-0.594610,-0.297438,1.911156,-0.573841,-0.352300,1.923440,-0.618605,-0.352148,1.906350,-0.574478,-0.353530,2.014659,-0.678927,-0.353176,1.974784,-0.596398,-0.169233,2.104124,-0.717505,-0.171408,2.070123,-0.504162,-0.181917,2.137334,-0.814529,-0.177926,2.052380,-0.398068,-0.012827,2.303035,-0.944989,0.011134,2.172965,-0.301476,0.182674,2.443581,-1.035813,0.252612,2.200224,-0.592082,0.305161,2.156007,-0.763560,0.302409,2.107563,-0.615869,0.734210,2.221417,-0.797335,0.731829,2.165752,-0.664797,1.115794,2.315924,-0.808802,1.098764,2.314610,-0.659854,1.185377,2.177126,-0.777433,1.186931,2.193417,-0.609245,1.186577,2.238834,-0.846760,1.179390,2.232246,-0.692208,1.166613,2.375523,-0.807357,1.141088,2.385972,-0.316549,0.293316,2.484397,-1.046309,0.370038,2.184867,-0.276004,0.273492,2.485068,-1.068612,0.348702,2.217801,-0.245193,0.313481,2.539887,-1.078373,0.406608,2.263683,-0.263372,0.230152,2.530578,-1.036918,0.331840,2.270907
1522,51.550740,0,OK,97.12,-0.675671,0.238758,2.125570,-0.671405,0.175160,2.114099,-0.662662,0.057532,2.090568,-0.654267,-0.059769,2.065334,-0.643334,-0.213140,2.032221,-0.594600,-0.300986,1.905956,-0.573817,-0.356071,1.917172,-0.618411,-0.355624,1.899650,-0.575347,-0.359414,2.008328,-0.679400,-0.358370,1.967442,-0.598832,-0.177620,2.102131,-0.719355,-0.178424,2.066057,-0.507532,-0.192418,2.137010,-0.816112,-0.183923,2.046589,-0.400558,-0.039777,2.317457,-0.953834,0.000695,2.165975,-0.301714,0.145813,2.469413,-1.050272,0.239070,2.200346,-0.594015,0.296865,2.160989,-0.764962,0.294472,2.110682,-0.618785,0.725520,2.228579,-0.793331,0.723539,2.174119,-0.665909,1.108356,2.318842,-0.802161,1.089756,2.324912,-0.660063,1.176809,2.179518,-0.767008,1.178200,2.204967,-0.609624,1.178128,2.241364,-0.837213,1.171477,2.242341,-0.693122,1.159839,2.377961,-0.801516,1.131599,2.396569,-0.317572,0.256588,2.509566,-1.056018,0.357546,2.192265,-0.277512,0.236055,2.512871,-1.080882,0.334955,2.222411,-0.249755,0.275345,2.569787,-1.091397,0.390099,2.271423,-0.268708,0.192373,2.558951,-1.052896,0.313562,2.275967
1523,51.587786,0,OK,97.07,-0.676532,0.235486,2.127635,-0.672179,0.171939,2.115920,-0.663295,0.054568,2.091188,-0.654862,-0.062300,2.064032,-0.644099,-0.215033,2.028039,-0.595109,-0.299505,1.899589,-0.574417,-0.354896,1.909376,-0.618962,-0.353926,1.891750,-0.576202,-0.360688,2.000404,-0.680140,-0.358427,1.959276,-0.600423,-0.181096,2.099243,-0.720438,-0.180661,2.061509,-0.509927,-0.197759,2.135356,-0.816931,-0.185109,2.040521,-0.402209,-0.057652,2.325279,-0.961351,-0.003489,2.156542,-0.301058,0.119470,2.485592,-1.062351,0.232667,2.193060,-0.595197,0.293403,2.164086,-0.765658,0.291300,2.112149,-0.620405,0.721612,2.234293,-0.789096,0.720109,2.179239,-0.665811,1.105221,2.322123,-0.795445,1.086292,2.330238,-0.659156,1.173091,2.182550,-0.757008,1.174383,2.211042,-0.608865,1.174313,2.244519,-0.827934,1.168587,2.247189,-0.692829,1.157113,2.380971,-0.795461,1.128037,2.401955,-0.318059,0.230076,2.525747,-1.063395,0.351544,2.191519,-0.278337,0.209241,2.530791,-1.090693,0.328297,2.218939,-0.253041,0.247946,2.589235,-1.101942,0.381001,2.270411,-0.272011,0.165184,2.576922,-1.066516,0.302890,2.272596
1524,51.624938,0,OK,97.13,-0.677739,0.236408,2.125771,-0.673347,0.172916,2.113773,-0.664592,0.055796,2.087832,-0.656458,-0.060684,2.058971,-0.646205,-0.212891,2.020674,-0.596322,-0.294358,1.890637,-0.575626,-0.349936,1.899285,-0.620062,-0.348610,1.881408,-0.577970,-0.357808,1.990145,-0.681653,-0.354713,1.948433,-0.603273,-0.180391,2.092993,-0.722763,-0.178546,2.053667,-0.513577,-0.198948,2.130161,-0.818989,-0.181659,2.031257,-0.406203,-0.066700,2.325828,-0.967408,-0.001410,2.144332,-0.304163,0.105522,2.490848,-1.070677,0.233383,2.183217,-0.596697,0.294035,2.163317,-0.766643,0.292411,2.109700,-0.622072,0.721826,2.235968,-0.786376,0.721036,2.179112,-0.665623,1.106161,2.321530,-0.791397,1.088140,2.327909,-0.658045,1.173428,2.181713,-0.749795,1.175049,2.208909,-0.607944,1.174540,2.243837,-0.821434,1.170265,2.243777,-0.692458,1.158477,2.380088,-0.792264,1.130333,2.399359,-0.321972,0.216318,2.530119,-1.067734,0.352156,2.187646,-0.282533,0.195320,2.536526,-1.097121,0.328574,2.212500,-0.258999,0.234079,2.595667,-1.109197,0.379060,2.265970,-0.277932,0.151367,2.582960,-1.076512,0.299733,2.265910
1525,51.666935,0,OK,97.40,-0.683589,0.247917,2.117679,-0.679395,0.184525,2.105093,-0.671548,0.067642,2.077828,-0.664766,-0.048583,2.047623,-0.656407,-0.200449,2.007550,-0.603503,-0.279869,1.877442,-0.582281,-0.335291,1.885810,-0.626442,-0.334292,1.867244,-0.585965,-0.344200,1.976530,-0.689006,-0.341868,1.933208,-0.614080,-0.169570,2.080928,-0.732898,-0.165257,2.039801,-0.525627,-0.191268,2.119353,-0.828816,-0.166011,2.015917,-0.420959,-0.062987,2.319086,-0.978201,0.017611,2.122086,-0.318748,0.108982,2.484265,-1.086708,0.248295,2.170208,-0.602761,0.304672,2.156974,-0.771922,0.304613,2.100908,-0.629379,0.731692,2.233607,-0.787799,0.732198,2.177364,-0.670018,1.117428,2.314148,-0.792051,1.099873,2.324766,-0.660901,1.182995,2.173618,-0.745623,1.185238,2.206435,-0.611191,1.184351,2.236050,-0.818344,1.181746,2.239148,-0.696726,1.170670,2.371923,-0.794470,1.142640,2.395838,-0.332525,0.222617,2.516401,-1.080476,0.366223,2.183975,-0.294593,0.200081,2.525927,-1.113333,0.342139,2.203413,-0.271863,0.240974,2.583934,-1.129990,0.389106,2.258824,-0.294507,0.158714,2.574895,-1.100103,0.308717,2.256489
1526,51.704939,0,OK,97.50,-0.689873,0.259052,2.112624,-0.685903,0.195700,2.099769,-0.679024,0.078796,2.072329,-0.673485,-0.037592,2.042501,-0.666815,-0.189720,2.003113,-0.611258,-0.268556,1.873758,-0.589647,-0.323785,1.882409,-0.633536,-0.323183,1.863193,-0.594587,-0.332789,1.973059,-0.696994,-0.331386,1.928222,-0.624868,-0.159139,2.076834,-0.743156,-0.153334,2.034380,-0.537245,-0.182372,2.116252,-0.838779,-0.152435,2.009349,-0.435838,-0.044930,2.311524,-0.982229,0.039179,2.109402,-0.335578,0.133112,2.471378,-1.084474,0.273039,2.155881,-0.609168,0.315139,2.153113,-0.777681,0.316345,2.095142,-0.634608,0.741674,2.232783,-0.793011,0.743421,2.174500,-0.672849,1.127711,2.313054,-0.798046,1.112445,2.318465,-0.661626,1.193481,2.172772,-0.749694,1.195987,2.199605,-0.612640,1.194364,2.235782,-0.822864,1.193215,2.231372,-0.699853,1.181031,2.370619,-0.801262,1.156203,2.388898,-0.345788,0.248602,2.497705,-1.075419,0.390802,2.169490,-0.308931,0.225200,2.509165,-1.110353,0.367924,2.186627,-0.285922,0.268023,2.565650,-1.129413,0.415796,2.240466,-0.311419,0.186294,2.560050,-1.102063,0.334475,2.240680
1527,51.737444,0,OK,97.82,-0.692241,0.263261,2.110839,-0.688457,0.199943,2.097764,-0.682346,0.083032,2.070174,-0.677786,-0.033470,2.040624,-0.672445,-0.185784,2.001753,-0.616481,-0.261864,1.870932,-0.594707,-0.317185,1.878514,-0.638573,-0.316340,1.859257,-0.599729,-0.328001,1.968961,-0.702085,-0.326030,1.924028,-0.630818,-0.155438,2.075752,-0.748654,-0.148463,2.032231,-0.543855,-0.179681,2.116015,-0.843999,-0.146132,2.006249,-0.448757,-0.026935,2.302910,-0.980936,0.054864,2.096548,-0.354718,0.163778,2.451536,-1.075009,0.293558,2.135023,-0.611648,0.318794,2.152303,-0.779606,0.321048,2.092775,-0.636246,0.744837,2.234818,-0.793626,0.747699,2.174623,-0.672726,1.130963,2.315474,-0.798245,1.117772,2.315884,-0.659609,1.197152,2.175553,-0.748480,1.199619,2.196429,-0.611339,1.197597,2.239117,-0.821927,1.197595,2.227609,-0.700137,1.184214,2.372910,-0.801831,1.162401,2.385750,-0.364843,0.280908,2.469244,-1.062042,0.411313,2.145071,-0.328219,0.258305,2.482853,-1.098989,0.390478,2.160510,-0.305772,0.305070,2.536360,-1.119706,0.441071,2.211155,-0.331492,0.223218,2.536402,-1.095826,0.358816,2.216157
1528,51.777419,0,OK,97.63,-0.697973,0.270747,2.107987,-0.694383,0.207455,2.094733,-0.689113,0.090458,2.067335,-0.685715,-0.026301,2.038655,-0.681981,-0.178990,2.001091,-0.624427,-0.253628,1.870128,-0.602582,-0.308963,1.877397,-0.646245,-0.308045,1.857684,-0.608532,-0.320684,1.967675,-0.710412,-0.318540,1.921680,-0.640737,-0.148580,2.075277,-0.758006,-0.140419,2.030451,-0.554563,-0.173738,2.116659,-0.853032,-0.136591,2.003493,-0.466681,-0.002767,2.290873,-0.979933,0.074549,2.084860,-0.379821,0.203097,2.422707,-1.063634,0.318049,2.116588,-0.617489,0.325740,2.150369,-0.784884,0.329027,2.089325,-0.640466,0.751193,2.236319,-0.798262,0.754872,2.175369,-0.674772,1.137186,2.318556,-0.802894,1.125093,2.316240,-0.659871,1.204025,2.179124,-0.751848,1.206010,2.196693,-0.612266,1.203907,2.243189,-0.825554,1.204451,2.227280,-0.702522,1.190276,2.375978,-0.806886,1.170170,2.385796,-0.389994,0.321383,2.429054,-1.047430,0.435711,2.121927,-0.353601,0.300163,2.445265,-1.085807,0.416743,2.136242,-0.331825,0.351797,2.494393,-1.107572,0.470279,2.183294,-0.357682,0.270329,2.501856,-1.086664,0.387681,2.193372
1529,51.808448,0,OK,97.69,-0.701810,0.276315,2.104428,-0.698426,0.213055,2.090966,-0.694011,0.095976,2.063772,-0.691835,-0.021028,2.035983,-0.689771,-0.174072,1.999759,-0.630769,-0.247695,1.868866,-0.608987,-0.303079,1.875950,-0.652433,-0.302020,1.855771,-0.615916,-0.315489,1.966066,-0.717289,-0.313020,1.918982,-0.648777,-0.143558,2.074042,-0.765537,-0.134264,2.028121,-0.563309,-0.169500,2.116394,-0.860255,-0.128987,2.000335,-0.485000,0.021487,2.273545,-0.974342,0.092563,2.072478,-0.408076,0.243721,2.383089,-1.045016,0.341019,2.096557,-0.621407,0.330745,2.147683,-0.788270,0.335101,2.085265,-0.642550,0.755558,2.237197,-0.801291,0.759960,2.176098,-0.674940,1.141149,2.322050,-0.806003,1.130056,2.317295,-0.658724,1.208942,2.183227,-0.753910,1.210246,2.197711,-0.611615,1.208184,2.247653,-0.827823,1.209057,2.227811,-0.702939,1.193923,2.379642,-0.810322,1.175476,2.386608,-0.420648,0.361713,2.375653,-1.024485,0.458125,2.096189,-0.384115,0.343267,2.394693,-1.064067,0.441392,2.109998,-0.364138,0.400644,2.437852,-1.085466,0.498205,2.153221,-0.388521,0.320040,2.454278,-1.068153,0.415578,2.168533
1530,51.836944,0,OK,97.51,-0.703237,0.280142,2.100917,-0.700036,0.216927,2.087204,-0.696397,0.099762,2.060260,-0.695374,-0.017483,2.033441,-0.694878,-0.170868,1.998628,-0.634967,-0.244202,1.867987,-0.613473,-0.299702,1.875047,-0.656726,-0.298386,1.854473,-0.621284,-0.312447,1.965045,-0.722208,-0.309376,1.917038,-0.654129,-0.140172,2.072971,-0.770384,-0.129885,2.025993,-0.569324,-0.166661,2.116305,-0.864772,-0.123279,1.997380,-0.503057,0.042616,2.254569,-0.963680,0.108287,2.059827,-0.438558,0.278841,2.340257,-1.018822,0.361311,2.075417,-0.622934,0.334008,2.145054,-0.789268,0.339411,2.081321,-0.642401,0.758263,2.237546,-0.802576,0.763115,2.177362,-0.673548,1.143275,2.325437,-0.807794,1.133222,2.318510,-0.656078,1.212018,2.187235,-0.754769,1.212571,2.198774,-0.609459,1.210649,2.252007,-0.828879,1.211708,2.228398,-0.701820,1.195718,2.383198,-0.812476,1.179079,2.387511,-0.456335,0.394427,2.318821,-0.992700,0.477137,2.069283,-0.419505,0.380110,2.340639,-1.033453,0.463057,2.082642,-0.403321,0.443001,2.377199,-1.053449,0.523156,2.121910,-0.424400,0.363750,2.402426,-1.040604,0.440821,2.142339
1531,51.863961,0,OK,97.42,-0.703003,0.280226,2.096017,-0.699971,0.217073,2.081985,-0.696919,0.099851,2.055215,-0.696670,-0.017592,2.029258,-0.697134,-0.171264,1.995736,-0.636841,-0.244481,1.865206,-0.615595,-0.300081,1.872226,-0.658738,-0.298546,1.851438,-0.623909,-0.313033,1.962149,-0.724576,-0.309452,1.913642,-0.656591,-0.140250,2.070060,-0.772487,-0.129484,2.022307,-0.572211,-0.166865,2.114141,-0.866598,-0.121985,1.993012,-0.518090,0.057559,2.232504,-0.948753,0.118126,2.046886,-0.466551,0.304785,2.291902,-0.986000,0.374767,2.054152,-0.622796,0.333509,2.141027,-0.788637,0.339968,2.076119,-0.640948,0.757223,2.236227,-0.802605,0.762432,2.177383,-0.671688,1.141416,2.327769,-0.808498,1.132962,2.317392,-0.652996,1.211253,2.190277,-0.754557,1.211112,2.197278,-0.606895,1.209266,2.255403,-0.828862,1.210637,2.226416,-0.700320,1.193439,2.385732,-0.813565,1.179466,2.385931,-0.492245,0.415209,2.256097,-0.952620,0.488335,2.043019,-0.454886,0.406459,2.279871,-0.994507,0.477447,2.055843,-0.443977,0.474403,2.308481,-1.011795,0.540594,2.091445,-0.459730,0.397525,2.343164,-1.004609,0.458801,2.116337
1532,51.891436,0,OK,97.26,-0.702494,0.276069,2.092072,-0.699634,0.212981,2.077711,-0.696981,0.095738,2.050995,-0.696994,-0.021827,2.025594,-0.697636,-0.175676,1.992896,-0.637317,-0.248428,1.862118,-0.616206,-0.304107,1.868913,-0.659315,-0.302379,1.848069,-0.624682,-0.317454,1.958763,-0.725269,-0.313422,1.910125,-0.657346,-0.144347,2.067226,-0.773014,-0.133598,2.018919,-0.573130,-0.170653,2.111802,-0.866917,-0.125707,1.989063,-0.531079,0.064521,2.212945,-0.932397,0.120818,2.036429,-0.492841,0.318633,2.248588,-0.949818,0.379663,2.035636,-0.622338,0.328780,2.137840,-0.787769,0.336266,2.072005,-0.639204,0.752083,2.235077,-0.802243,0.757732,2.177277,-0.669706,1.135508,2.329859,-0.808515,1.129083,2.315075,-0.649771,1.206249,2.193006,-0.753783,1.205674,2.194316,-0.604197,1.203717,2.258482,-0.828244,1.205688,2.223058,-0.698695,1.187191,2.387949,-0.813860,1.176422,2.383018,-0.527930,0.421827,2.201096,-0.907158,0.489654,2.020872,-0.489994,0.418995,2.225394,-0.950133,0.482669,2.032784,-0.485052,0.490356,2.246299,-0.963333,0.548484,2.065158,-0.494156,0.416684,2.289321,-0.963429,0.467553,2.093646
1533,51.915942,0,OK,97.26,-0.702407,0.268041,2.090064,-0.699718,0.205012,2.075413,-0.697241,0.087806,2.048518,-0.696963,-0.029749,2.023068,-0.696924,-0.183574,1.990256,-0.636837,-0.255751,1.859052,-0.615814,-0.311500,1.865543,-0.658937,-0.309592,1.844744,-0.624236,-0.325296,1.955330,-0.724857,-0.320845,1.906800,-0.656970,-0.152148,2.064725,-0.772537,-0.141803,2.016089,-0.572658,-0.177907,2.109439,-0.866301,-0.134091,1.985752,-0.543621,0.063828,2.199027,-0.917780,0.115945,2.031982,-0.520169,0.321609,2.216470,-0.915879,0.375326,2.027165,-0.622241,0.320243,2.136394,-0.787386,0.328640,2.069952,-0.637575,0.743414,2.234457,-0.801764,0.749365,2.178158,-0.667446,1.126426,2.331093,-0.807709,1.121800,2.313014,-0.646484,1.197436,2.194533,-0.752428,1.196507,2.191329,-0.601298,1.194590,2.260265,-0.826967,1.197139,2.219858,-0.696597,1.178063,2.389142,-0.813108,1.170119,2.380260,-0.565672,0.416597,2.161310,-0.862737,0.480744,2.013067,-0.527347,0.419465,2.184984,-0.906602,0.477882,2.023322,-0.529090,0.492482,2.199796,-0.914938,0.545050,2.054513,-0.530484,0.422175,2.248954,-0.923588,0.464849,2.083745
1534,51.945946,0,OK,97.38,-0.702081,0.262379,2.089362,-0.699527,0.199402,2.074466,-0.697135,0.082241,2.047366,-0.696498,-0.035277,2.021755,-0.695743,-0.189035,1.988633,-0.636026,-0.262324,1.857879,-0.615333,-0.318156,1.864703,-0.658435,-0.316117,1.843874,-0.623873,-0.331381,1.954564,-0.724446,-0.326622,1.905964,-0.656075,-0.157590,2.063247,-0.771585,-0.147634,2.014395,-0.571593,-0.182882,2.107909,-0.865224,-0.140402,1.983558,-0.554386,0.062035,2.191724,-0.907773,0.110450,2.034239,-0.545651,0.321303,2.194750,-0.886725,0.368961,2.028383,-0.621907,0.314165,2.136143,-0.786826,0.323301,2.069240,-0.636452,0.737295,2.234499,-0.799916,0.743560,2.179401,-0.666466,1.119905,2.332669,-0.804391,1.117159,2.311056,-0.644798,1.191212,2.196374,-0.748796,1.189806,2.188272,-0.599922,1.188168,2.262309,-0.823321,1.191214,2.216811,-0.695836,1.171436,2.390702,-0.809534,1.166485,2.377587,-0.602909,0.406656,2.134983,-0.822363,0.468597,2.020246,-0.564404,0.415293,2.156898,-0.866869,0.470074,2.027632,-0.573613,0.488594,2.166699,-0.870377,0.537178,2.059861,-0.565821,0.422298,2.220602,-0.889005,0.457783,2.086525
1535,51.981946,0,OK,97.15,-0.702268,0.250463,2.090600,-0.699859,0.187509,2.075583,-0.697160,0.070484,2.047931,-0.695398,-0.046748,2.021094,-0.692836,-0.200072,1.986102,-0.633478,-0.272295,1.854592,-0.612658,-0.328137,1.860931,-0.655843,-0.326025,1.840279,-0.620835,-0.342032,1.950725,-0.721599,-0.337106,1.902539,-0.653471,-0.169065,2.061059,-0.769141,-0.159900,2.012433,-0.568533,-0.193881,2.105119,-0.862785,-0.154013,1.981323,-0.561721,0.050704,2.191357,-0.905937,0.094295,2.042858,-0.569250,0.309902,2.183283,-0.861268,0.349724,2.034720,-0.621989,0.301965,2.137514,-0.786858,0.311628,2.070563,-0.634108,0.725685,2.233631,-0.799170,0.731952,2.180565,-0.662209,1.108829,2.330275,-0.802530,1.107366,2.306984,-0.640412,1.179449,2.193643,-0.746994,1.177611,2.182784,-0.595468,1.176505,2.259535,-0.821452,1.179756,2.211452,-0.691293,1.160735,2.388117,-0.807384,1.157905,2.372620,-0.639571,0.383873,2.122298,-0.785140,0.441015,2.037260,-0.601309,0.398398,2.141339,-0.829701,0.447675,2.039994,-0.618873,0.470562,2.147491,-0.828779,0.513845,2.074266,-0.600216,0.409228,2.204513,-0.859398,0.436620,2.095719
